user_id,matched_user_id,text_score,mbti_score,location_score,compatibility_score,action
U001,U071,68.91,75,100,81.23,1
U001,U011,95.11,90,50,78.61,1
U001,U092,51.61,75,100,75.96,1
U001,U091,97.52,75,50,73.77,1
U001,U082,41.91,75,100,73.01,1
U001,U031,94.94,75,50,72.99,1
U001,U021,93.24,75,50,72.47,1
U001,U074,38.98,75,100,72.12,1
U001,U081,73.03,90,50,71.89,1
U001,U061,72.96,90,50,71.87,1
U001,U051,70.66,90,50,71.16,1
U001,U041,67.82,90,50,70.3,0
U001,U022,47.41,60,100,69.11,0
U001,U096,21.72,75,100,66.86,0
U001,U089,16.8,75,100,65.36,1
U001,U058,25.74,60,100,62.5,1
U001,U014,39.25,90,50,61.59,1
U001,U009,21.27,60,100,61.14,0
U001,U002,54.39,75,50,60.63,0
U001,U062,54.05,75,50,60.53,1
U002,U021,50.34,90,100,81.15,1
U002,U092,96.84,90,50,79.14,1
U002,U032,93.64,90,50,78.17,1
U002,U012,93.39,90,50,78.09,1
U002,U062,93.2,75,50,72.45,1
U002,U052,91.2,75,50,71.85,0
U002,U065,28.32,75,100,68.87,1
U002,U042,96.45,60,50,67.87,0
U002,U091,54.28,90,50,66.17,1
U002,U072,72.02,75,50,66.0,0
U002,U082,70.66,75,50,65.59,0
U002,U047,35.33,60,100,65.42,0
U002,U022,87.78,60,50,65.23,1
U002,U008,27.0,60,100,62.89,0
U002,U098,26.24,60,100,62.66,1
U002,U071,42.37,90,50,62.55,1
U002,U085,24.31,60,100,62.07,1
U002,U056,37.86,90,50,61.17,1
U002,U080,21.15,60,100,61.11,1
U002,U001,54.39,75,50,60.63,0
U003,U083,73.76,90,100,88.29,1
U003,U073,79.05,90,50,73.72,1
U003,U043,78.82,90,50,73.65,0
U003,U067,32.31,75,100,70.08,1
U003,U015,24.56,75,100,67.72,1
U003,U013,95.03,60,50,67.44,1
U003,U033,94.86,60,50,67.39,1
U003,U100,22.13,75,100,66.98,0
U003,U093,93.29,60,50,66.91,1
U003,U053,93.11,60,50,66.85,0
U003,U070,18.39,75,100,65.84,0
U003,U086,27.72,60,100,63.11,1
U003,U006,27.36,60,100,63.0,1
U003,U097,26.54,60,100,62.75,0
U003,U063,78.91,60,50,62.53,1
U003,U023,78.64,60,50,62.44,0
U003,U081,24.47,60,100,62.12,1
U003,U041,24.19,60,100,62.03,0
U003,U042,34.26,75,50,54.5,0
U003,U022,33.3,75,50,54.21,1
U004,U084,96.93,90,100,95.35,1
U004,U024,93.33,90,100,94.25,0
U004,U074,96.93,90,50,79.17,1
U004,U051,47.04,75,100,74.57,1
U004,U044,96.69,75,50,73.52,1
U004,U054,76.74,90,50,73.02,1
U004,U064,91.0,75,50,71.79,0
U004,U026,35.59,75,100,71.08,1
U004,U046,35.45,75,100,71.04,0
U004,U094,87.78,75,50,70.81,1
U004,U037,33.76,75,100,70.52,1
U004,U027,30.21,75,100,69.44,1
U004,U014,77.08,75,50,67.54,1
U004,U034,73.09,75,50,66.33,1
U004,U057,30.15,60,100,63.85,1
U004,U087,29.68,60,100,63.7,1
U004,U020,28.5,60,100,63.35,0
U004,U099,28.48,60,100,63.34,1
U004,U079,28.15,60,100,63.24,0
U004,U060,25.83,60,100,62.53,0
U005,U025,94.82,90,100,94.7,1
U005,U075,83.3,60,100,80.04,1
U005,U065,93.28,75,50,72.48,1
U005,U045,85.46,75,50,70.1,1
U005,U016,31.6,75,100,69.86,1
U005,U053,27.41,75,100,68.59,1
U005,U055,97.32,60,50,68.14,0
U005,U014,25.58,75,100,68.03,1
U005,U066,24.99,75,100,67.85,1
U005,U012,21.84,75,100,66.89,1
U005,U031,21.26,75,100,66.71,1
U005,U035,90.47,60,50,66.05,1
U005,U015,90.43,60,50,66.04,0
U005,U072,18.08,75,100,65.75,1
U005,U085,81.02,60,50,63.17,1
U005,U010,25.96,60,100,62.57,1
U005,U095,78.48,60,50,62.39,1
U005,U019,25.09,60,100,62.31,0
U005,U039,24.3,60,100,62.06,0
U005,U042,21.79,60,100,61.3,1
U006,U086,76.37,75,100,83.51,1
U006,U066,97.06,90,50,79.21,1
U006,U016,80.57,90,50,74.18,0
U006,U036,79.11,90,50,73.74,1
U006,U026,93.73,75,50,72.62,0
U006,U076,93.49,75,50,72.54,1
U006,U046,93.38,75,50,72.51,0
U006,U056,85.41,75,50,70.08,1
U006,U097,30.65,75,100,69.58,1
U006,U041,27.87,75,100,68.73,1
U006,U081,27.59,75,100,68.65,1
U006,U096,74.79,75,50,66.85,0
U006,U067,34.21,60,100,65.08,0
U006,U083,31.1,60,100,64.14,1
U006,U003,27.36,60,100,63.0,0
U006,U070,24.07,60,100,62.0,1
U006,U015,22.28,60,100,61.45,0
U006,U100,20.08,60,100,60.78,1
U006,U014,40.29,75,50,56.33,0
U006,U034,40.05,75,50,56.26,1
U007,U037,85.08,90,50,75.56,1
U007,U033,29.33,90,100,74.75,1
U007,U017,82.32,90,50,74.72,1
U007,U077,94.58,75,50,72.88,1
U007,U056,37.16,75,100,71.56,1
U007,U023,30.37,75,100,69.49,1
U007,U027,80.73,75,50,68.66,1
U007,U097,80.73,75,50,68.66,1
U007,U087,97.54,60,50,68.2,1
U007,U067,97.35,60,50,68.14,1
U007,U064,25.72,75,100,68.08,1
U007,U034,23.44,75,100,67.38,1
U007,U094,22.91,75,100,67.22,0
U007,U047,84.85,60,50,64.34,1
U007,U057,80.58,60,50,63.03,0
U007,U062,40.58,90,50,62.0,1
U007,U052,39.64,90,50,61.71,0
U007,U035,22.88,60,100,61.63,0
U007,U049,22.72,60,100,61.59,1
U007,U029,22.7,60,100,61.58,1
U008,U098,89.27,90,100,93.01,1
U008,U038,95.2,75,50,73.07,1
U008,U088,70.36,90,50,71.07,1
U008,U085,25.33,75,100,67.95,0
U008,U047,24.54,75,100,67.72,1
U008,U080,19.72,75,100,66.25,1
U008,U048,72.13,75,50,66.03,1
U008,U078,71.88,75,50,65.96,1
U008,U068,71.78,75,50,65.93,1
U008,U058,71.75,75,50,65.92,0
U008,U018,71.62,75,50,65.88,1
U008,U028,67.22,75,50,64.54,1
U008,U002,27.0,60,100,62.89,0
U008,U065,26.46,60,100,62.72,1
U008,U021,23.46,60,100,61.81,0
U008,U079,30.63,90,50,58.97,0
U008,U029,30.56,90,50,58.95,1
U008,U039,28.57,90,50,58.34,1
U008,U049,28.05,90,50,58.18,0
U008,U009,27.5,90,50,58.02,1
U009,U049,95.71,90,50,78.8,1
U009,U089,79.16,60,100,78.78,1
U009,U079,93.29,90,50,78.06,1
U009,U029,93.1,90,50,78.0,1
U009,U039,90.71,90,50,77.27,0
U009,U019,97.43,75,50,73.75,1
U009,U099,90.68,75,50,71.69,0
U009,U058,30.74,75,100,69.6,1
U009,U069,83.58,75,50,69.52,1
U009,U022,28.12,75,100,68.8,1
U009,U059,77.0,75,50,67.52,1
U009,U030,23.87,75,100,67.51,0
U009,U096,28.48,60,100,63.34,0
U009,U071,25.44,60,100,62.41,1
U009,U074,24.71,60,100,62.19,1
U009,U082,23.37,60,100,61.78,1
U009,U092,21.67,60,100,61.26,0
U009,U001,21.27,60,100,61.14,0
U009,U088,36.99,90,50,60.91,1
U009,U098,31.12,90,50,59.12,1
U010,U020,93.4,90,50,78.09,0
U010,U060,87.97,90,50,76.44,1
U010,U050,97.81,75,50,73.86,0
U010,U090,96.2,75,50,73.37,1
U010,U100,94.13,75,50,72.74,0
U010,U019,17.64,90,100,71.19,0
U010,U040,85.9,75,50,70.23,1
U010,U070,84.96,75,50,69.95,1
U010,U030,84.74,75,50,69.88,1
U010,U080,84.1,75,50,69.68,1
U010,U042,23.17,75,100,67.3,0
U010,U039,22.62,75,100,67.13,1
U010,U075,19.49,75,100,66.18,0
U010,U014,30.44,60,100,63.94,1
U010,U025,26.22,60,100,62.65,0
U010,U005,25.96,60,100,62.57,1
U010,U066,23.26,60,100,61.75,0
U010,U012,23.22,60,100,61.74,0
U010,U031,22.0,60,100,61.36,1
U010,U053,21.95,60,100,61.35,0
U011,U001,95.11,90,50,78.61,1
U011,U091,97.6,75,50,73.8,1
U011,U021,95.95,75,50,73.29,0
U011,U031,95.41,75,50,73.13,1
U011,U077,22.18,90,100,72.57,0
U011,U081,72.92,90,50,71.85,0
U011,U041,70.66,90,50,71.16,1
U011,U061,70.64,90,50,71.16,0
U011,U051,70.14,90,50,71.01,1
U011,U017,25.21,75,100,67.92,1
U011,U045,20.29,75,100,66.42,0
U011,U071,66.63,75,50,64.36,1
U011,U018,31.44,60,100,64.24,1
U011,U043,27.57,60,100,63.06,0
U011,U095,23.06,60,100,61.69,1
U011,U014,38.62,90,50,61.4,1
U011,U094,37.62,90,50,61.1,1
U011,U062,54.55,75,50,60.68,1
U011,U012,54.16,75,50,60.56,1
U011,U002,51.35,75,50,59.7,0
U012,U042,96.95,60,100,84.2,1
U012,U072,74.52,75,100,82.94,1
U012,U032,96.69,90,50,79.09,1
U012,U092,93.51,90,50,78.13,0
U012,U002,93.39,90,50,78.09,1
U012,U031,51.71,75,100,75.99,0
U012,U062,93.69,75,50,72.6,1
U012,U052,91.41,75,50,71.91,1
U012,U066,33.85,75,100,70.55,1
U012,U014,31.08,75,100,69.71,1
U012,U053,30.92,75,100,69.66,1
U012,U016,30.81,75,100,69.62,1
U012,U025,27.93,75,100,68.75,1
U012,U005,21.84,75,100,66.89,1
U012,U022,91.46,60,50,66.35,1
U012,U082,70.82,75,50,65.64,1
U012,U091,51.56,90,50,65.35,1
U012,U021,50.69,90,50,65.08,1
U012,U019,27.19,60,100,62.95,1
U012,U071,42.47,90,50,62.57,1
U013,U093,90.72,90,100,93.45,1
U013,U061,24.24,90,100,73.2,1
U013,U023,75.99,90,50,72.79,1
U013,U053,93.05,75,50,72.41,1
U013,U033,92.43,75,50,72.22,1
U013,U063,73.1,90,50,71.91,1
U013,U052,33.66,75,100,70.49,0
U013,U003,95.03,60,50,67.44,0
U013,U028,27.62,60,100,63.08,0
U013,U078,25.29,60,100,62.37,1
U013,U068,25.25,60,100,62.36,1
U013,U038,23.25,60,100,61.75,1
U013,U073,76.23,60,50,61.71,1
U013,U043,75.78,60,50,61.57,1
U013,U083,74.08,60,50,61.05,1
U013,U077,32.09,90,50,59.41,1
U013,U097,28.95,90,50,58.46,1
U013,U014,28.01,90,50,58.17,1
U013,U026,27.36,90,50,57.97,1
U013,U051,27.35,90,50,57.97,1
U014,U054,96.52,75,50,73.47,1
U014,U066,43.23,75,100,73.41,1
U014,U094,77.87,90,50,73.36,1
U014,U034,92.97,75,50,72.39,1
U014,U031,33.19,75,100,70.35,1
U014,U016,32.76,75,100,70.22,1
U014,U012,31.08,75,100,69.71,1
U014,U044,80.42,75,50,68.56,0
U014,U074,80.13,75,50,68.47,1
U014,U084,80.13,75,50,68.47,1
U014,U024,79.96,75,50,68.42,0
U014,U072,25.73,75,100,68.08,1
U014,U005,25.58,75,100,68.03,1
U014,U053,24.4,75,100,67.67,0
U014,U004,77.08,75,50,67.54,0
U014,U025,22.36,75,100,67.05,0
U014,U064,74.59,75,50,66.79,1
U014,U042,31.48,60,100,64.25,1
U014,U010,30.44,60,100,63.94,0
U014,U039,29.52,60,100,63.66,1
U015,U035,97.22,90,50,79.26,1
U015,U055,90.47,90,50,77.2,0
U015,U085,82.58,90,50,74.8,0
U015,U095,82.48,90,50,74.77,1
U015,U075,82.39,90,50,74.74,1
U015,U100,28.38,75,100,68.88,1
U015,U083,25.07,75,100,67.88,1
U015,U003,24.56,75,100,67.72,1
U015,U065,94.86,60,50,67.39,1
U015,U067,23.05,75,100,67.26,0
U015,U025,93.05,60,50,66.83,1
U015,U005,90.43,60,50,66.04,1
U015,U070,18.57,75,100,65.9,1
U015,U086,25.96,60,100,62.57,1
U015,U045,78.71,60,50,62.46,1
U015,U041,25.32,60,100,62.38,1
U015,U081,22.75,60,100,61.59,1
U015,U006,22.28,60,100,61.45,0
U015,U097,20.18,60,100,60.81,1
U015,U020,29.14,75,50,52.94,0
U016,U066,77.88,90,100,89.54,1
U016,U036,92.35,90,50,77.77,1
U016,U006,80.57,90,50,74.18,1
U016,U056,95.1,75,50,73.03,0
U016,U096,94.83,75,50,72.95,0
U016,U086,89.89,75,50,71.45,1
U016,U014,32.76,75,100,70.22,1
U016,U005,31.6,75,100,69.86,1
U016,U012,30.81,75,100,69.62,1
U016,U053,30.48,75,100,69.53,1
U016,U025,26.32,75,100,68.26,0
U016,U031,24.08,75,100,67.57,0
U016,U026,74.84,75,50,66.86,1
U016,U076,74.64,75,50,66.8,0
U016,U046,74.56,75,50,66.78,1
U016,U072,20.68,75,100,66.54,1
U016,U042,30.74,60,100,64.03,1
U016,U019,26.15,60,100,62.63,0
U016,U039,25.31,60,100,62.37,1
U016,U075,24.5,60,100,62.13,1
U017,U077,82.24,75,100,85.3,1
U017,U037,97.17,90,50,79.24,1
U017,U007,82.32,90,50,74.72,0
U017,U027,95.08,75,50,73.03,1
U017,U097,92.53,75,50,72.25,1
U017,U011,25.21,75,100,67.92,1
U017,U045,25.11,75,100,67.89,0
U017,U047,94.49,60,50,67.27,1
U017,U057,90.0,60,50,65.9,1
U017,U043,35.01,60,100,65.33,1
U017,U018,29.62,60,100,63.69,1
U017,U087,82.21,60,50,63.53,0
U017,U067,79.66,60,50,62.75,1
U017,U095,25.52,60,100,62.44,1
U017,U062,35.51,90,50,60.45,0
U017,U033,34.8,90,50,60.24,0
U017,U052,34.21,90,50,60.06,1
U017,U072,31.16,90,50,59.13,1
U017,U053,29.05,90,50,58.49,1
U017,U082,28.81,90,50,58.41,0
U018,U068,96.61,90,50,79.07,1
U018,U028,91.08,90,50,77.39,1
U018,U058,96.95,75,50,73.6,1
U018,U048,93.19,75,50,72.45,1
U018,U078,93.03,75,50,72.4,1
U018,U088,90.9,75,50,71.76,0
U018,U038,67.29,90,50,70.14,1
U018,U095,27.25,75,100,68.54,1
U018,U043,26.36,75,100,68.27,1
U018,U098,73.78,75,50,66.54,1
U018,U008,71.62,75,50,65.88,1
U018,U011,31.44,60,100,64.24,1
U018,U017,29.62,60,100,63.69,0
U018,U077,29.3,60,100,63.59,1
U018,U045,23.85,60,100,61.93,0
U018,U019,36.38,90,50,60.72,1
U018,U099,34.47,90,50,60.14,1
U018,U059,32.94,90,50,59.67,1
U018,U069,29.82,90,50,58.72,1
U018,U060,27.57,90,50,58.04,1
U019,U039,90.62,75,100,87.85,1
U019,U099,93.3,90,50,78.06,1
U019,U069,83.67,90,50,75.13,1
U019,U059,79.3,90,50,73.8,1
U019,U009,97.43,75,50,73.75,1
U019,U029,95.72,75,50,73.22,0
U019,U079,93.19,75,50,72.45,1
U019,U049,93.1,75,50,72.43,0
U019,U010,17.64,90,100,71.19,1
U019,U042,24.69,75,100,67.76,1
U019,U075,18.46,75,100,65.86,1
U019,U014,28.36,60,100,63.3,0
U019,U089,81.47,60,50,63.3,1
U019,U025,27.74,60,100,63.11,1
U019,U066,27.71,60,100,63.1,1
U019,U012,27.19,60,100,62.95,1
U019,U016,26.15,60,100,62.63,0
U019,U005,25.09,60,100,62.31,1
U019,U053,24.91,60,100,62.25,1
U019,U031,21.48,60,100,61.2,1
U020,U060,85.93,90,100,92.0,1
U020,U010,93.4,90,50,78.09,1
U020,U050,95.59,75,50,73.18,1
U020,U099,22.99,90,100,72.82,1
U020,U100,94.03,75,50,72.71,1
U020,U090,91.96,75,50,72.08,1
U020,U080,88.02,75,50,70.88,1
U020,U040,87.97,75,50,70.86,0
U020,U030,84.81,75,50,69.9,1
U020,U070,84.61,75,50,69.84,0
U020,U087,21.3,75,100,66.73,0
U020,U057,20.81,75,100,66.58,1
U020,U079,17.98,75,100,65.72,1
U020,U084,28.53,60,100,63.36,0
U020,U004,28.5,60,100,63.35,1
U020,U024,28.34,60,100,63.3,1
U020,U046,23.25,60,100,61.74,1
U020,U051,20.92,60,100,61.04,1
U020,U026,20.43,60,100,60.89,0
U020,U037,18.84,60,100,60.4,1
U021,U002,50.34,90,100,81.15,1
U021,U091,95.68,90,50,78.79,1
U021,U011,95.95,75,50,73.29,1
U021,U031,93.53,75,50,72.56,1
U021,U001,93.24,75,50,72.47,1
U021,U071,71.49,90,50,71.42,0
U021,U065,21.44,75,100,66.77,1
U021,U081,69.31,75,50,65.18,0
U021,U061,69.25,75,50,65.16,0
U021,U041,69.26,75,50,65.16,1
U021,U012,50.69,90,50,65.08,1
U021,U098,32.11,60,100,64.44,1
U021,U051,66.6,75,50,64.35,1
U021,U032,47.78,90,50,64.19,1
U021,U092,47.6,90,50,64.14,1
U021,U008,23.46,60,100,61.81,1
U021,U064,38.71,90,50,61.43,1
U021,U034,38.38,90,50,61.33,1
U021,U085,20.73,60,100,60.98,1
U021,U080,20.3,60,100,60.85,1
U022,U092,90.85,60,100,82.34,1
U022,U082,75.63,60,100,77.71,1
U022,U042,91.25,90,50,77.44,1
U022,U058,31.47,90,100,75.4,1
U022,U001,47.41,60,100,69.11,1
U022,U009,28.12,75,100,68.8,0
U022,U071,45.54,60,100,68.54,1
U022,U030,26.14,75,100,68.2,1
U022,U052,96.65,60,50,67.93,1
U022,U096,40.18,60,100,66.9,1
U022,U012,91.46,60,50,66.35,1
U022,U062,91.44,60,50,66.34,1
U022,U032,88.21,60,50,65.36,1
U022,U002,87.78,60,50,65.23,1
U022,U074,27.48,60,100,63.03,1
U022,U089,23.91,60,100,61.95,0
U022,U057,38.04,90,50,61.23,0
U022,U087,36.93,90,50,60.89,1
U022,U067,36.86,90,50,60.87,1
U022,U047,34.18,90,50,60.05,1
U023,U033,75.8,75,100,83.33,1
U023,U063,96.65,90,50,79.08,0
U023,U094,36.28,90,100,76.87,1
U023,U013,75.99,90,50,72.79,1
U023,U093,74.61,90,50,72.37,1
U023,U064,36.08,75,100,71.23,0
U023,U034,36.04,75,100,71.22,1
U023,U007,30.37,75,100,69.49,1
U023,U056,29.56,75,100,69.24,1
U023,U043,96.54,60,50,67.9,1
U023,U083,94.08,60,50,67.15,1
U023,U073,93.01,60,50,66.82,0
U023,U053,74.4,75,50,66.73,0
U023,U035,31.91,60,100,64.39,1
U023,U049,25.77,60,100,62.51,1
U023,U003,78.64,60,50,62.44,1
U023,U029,25.52,60,100,62.44,0
U023,U041,35.68,90,50,60.51,0
U023,U061,35.61,90,50,60.49,1
U023,U026,35.17,90,50,60.35,0
U024,U084,96.4,90,100,95.19,1
U024,U004,93.33,90,100,94.25,1
U024,U074,96.4,90,50,79.01,0
U024,U054,83.39,90,50,75.04,1
U024,U051,46.48,75,100,74.4,0
U024,U094,94.27,75,50,72.78,1
U024,U044,93.47,75,50,72.54,0
U024,U064,91.01,75,50,71.79,0
U024,U026,35.45,75,100,71.04,1
U024,U037,33.64,75,100,70.49,0
U024,U046,32.42,75,100,70.12,1
U024,U027,30.08,75,100,69.4,1
U024,U014,79.96,75,50,68.42,0
U024,U034,76.73,75,50,67.44,1
U024,U057,33.28,60,100,64.8,0
U024,U087,29.06,60,100,63.52,0
U024,U020,28.34,60,100,63.3,1
U024,U079,28.02,60,100,63.2,0
U024,U060,25.9,60,100,62.55,1
U024,U099,22.59,60,100,61.55,1
U025,U005,94.82,90,100,94.7,1
U025,U075,78.26,60,100,78.51,1
U025,U065,90.37,75,50,71.59,1
U025,U045,83.1,75,50,69.38,1
U025,U012,27.93,75,100,68.75,1
U025,U016,26.32,75,100,68.26,1
U025,U055,97.49,60,50,68.19,1
U025,U053,25.07,75,100,67.88,1
U025,U066,24.87,75,100,67.82,1
U025,U014,22.36,75,100,67.05,1
U025,U015,93.05,60,50,66.83,1
U025,U031,21.62,75,100,66.82,0
U025,U035,93.01,60,50,66.82,1
U025,U072,20.55,75,100,66.5,1
U025,U042,27.87,60,100,63.15,0
U025,U095,80.93,60,50,63.14,0
U025,U085,80.89,60,50,63.13,1
U025,U019,27.74,60,100,63.11,1
U025,U010,26.22,60,100,62.65,0
U025,U039,21.85,60,100,61.32,0
U026,U046,96.79,90,100,95.3,1
U026,U076,96.68,90,50,79.09,0
U026,U027,33.34,90,100,75.97,0
U026,U051,30.56,90,100,75.12,0
U026,U086,82.14,90,50,74.66,1
U026,U066,96.68,75,50,73.51,0
U026,U006,93.73,75,50,72.62,1
U026,U004,35.59,75,100,71.08,0
U026,U024,35.45,75,100,71.04,0
U026,U084,35.4,75,100,71.02,0
U026,U037,34.07,75,100,70.62,1
U026,U096,80.44,75,50,68.57,1
U026,U056,79.58,75,50,68.31,1
U026,U036,79.2,75,50,68.19,1
U026,U016,74.84,75,50,66.86,1
U026,U079,31.1,60,100,64.14,1
U026,U087,30.92,60,100,64.08,1
U026,U099,28.45,60,100,63.33,0
U026,U057,27.94,60,100,63.17,1
U026,U060,24.49,60,100,62.12,1
U027,U037,95.3,75,100,89.27,1
U027,U057,95.0,60,100,83.61,0
U027,U097,97.5,90,50,79.34,1
U027,U087,80.62,60,100,79.23,0
U027,U026,33.34,90,100,75.97,1
U027,U046,30.65,90,100,75.15,1
U027,U077,80.65,90,50,74.21,0
U027,U051,26.42,90,100,73.86,0
U027,U017,95.08,75,50,73.03,0
U027,U004,30.21,75,100,69.44,1
U027,U024,30.08,75,100,69.4,1
U027,U084,30.04,75,100,69.39,1
U027,U007,80.73,75,50,68.66,1
U027,U047,92.67,60,50,66.72,1
U027,U067,78.12,60,50,62.29,1
U027,U079,24.77,60,100,62.21,1
U027,U099,22.4,60,100,61.49,1
U027,U063,37.02,90,50,60.91,1
U027,U094,36.74,90,50,60.83,0
U027,U020,18.43,60,100,60.28,1
U028,U068,90.85,90,100,93.49,1
U028,U038,73.2,90,100,88.12,1
U028,U078,90.98,75,100,87.96,1
U028,U018,91.08,90,50,77.39,1
U028,U088,93.27,75,50,72.48,1
U028,U058,90.98,75,50,71.78,1
U028,U048,87.31,75,50,70.66,1
U028,U098,76.25,75,50,67.29,0
U028,U052,35.68,60,100,65.53,1
U028,U008,67.22,75,50,64.54,1
U028,U061,28.89,60,100,63.47,0
U028,U093,28.64,60,100,63.39,1
U028,U013,27.62,60,100,63.08,1
U028,U019,37.07,90,50,60.93,0
U028,U069,32.61,90,50,59.57,1
U028,U099,30.51,90,50,58.93,0
U028,U059,29.4,90,50,58.59,1
U028,U064,64.65,60,50,58.18,0
U028,U094,64.57,60,50,58.16,1
U028,U060,26.51,90,50,57.71,0
U029,U049,94.96,90,100,94.75,1
U029,U079,97.42,90,50,79.32,1
U029,U009,93.1,90,50,78.0,1
U029,U039,92.43,90,50,77.8,1
U029,U099,97.52,75,50,73.77,0
U029,U019,95.72,75,50,73.22,1
U029,U059,80.88,75,50,68.7,1
U029,U069,79.82,75,50,68.38,1
U029,U035,22.04,75,100,66.95,1
U029,U089,85.17,60,50,64.43,1
U029,U034,29.49,60,100,63.65,1
U029,U064,27.27,60,100,62.97,0
U029,U033,26.83,60,100,62.84,1
U029,U023,25.52,60,100,62.44,1
U029,U094,24.55,60,100,62.14,1
U029,U007,22.7,60,100,61.58,1
U029,U056,20.48,60,100,60.9,1
U029,U088,33.62,90,50,59.88,1
U029,U008,30.56,90,50,58.95,0
U029,U098,27.92,90,50,58.14,0
U030,U070,96.36,90,50,79.0,0
U030,U040,95.16,90,50,78.63,1
U030,U080,93.25,90,50,78.05,1
U030,U090,88.3,90,50,76.54,1
U030,U100,88.23,90,50,76.52,1
U030,U050,84.6,90,50,75.41,0
U030,U060,93.14,75,50,72.44,1
U030,U020,84.81,75,50,69.9,1
U030,U010,84.74,75,50,69.88,0
U030,U022,26.14,75,100,68.2,1
U030,U058,24.19,75,100,67.61,0
U030,U009,23.87,75,100,67.51,0
U030,U074,25.92,60,100,62.56,1
U030,U096,24.41,60,100,62.1,0
U030,U092,23.33,60,100,61.77,1
U030,U082,22.04,60,100,61.38,1
U030,U071,21.67,60,100,61.26,1
U030,U089,18.38,60,100,60.26,1
U030,U001,18.3,60,100,60.24,1
U030,U088,29.94,75,50,53.18,0
U031,U072,42.43,90,100,78.74,1
U031,U012,51.71,75,100,75.99,1
U031,U053,25.23,90,100,73.5,1
U031,U011,95.41,75,50,73.13,1
U031,U091,95.14,75,50,73.05,0
U031,U001,94.94,75,50,72.99,1
U031,U021,93.53,75,50,72.56,1
U031,U042,51.59,60,100,70.38,0
U031,U014,33.19,75,100,70.35,1
U031,U016,24.08,75,100,67.57,1
U031,U066,23.9,75,100,67.52,0
U031,U025,21.62,75,100,66.82,1
U031,U005,21.26,75,100,66.71,1
U031,U041,73.04,75,50,66.31,1
U031,U061,72.84,75,50,66.25,1
U031,U062,54.34,90,50,66.19,1
U031,U081,70.52,75,50,65.55,1
U031,U071,68.97,75,50,65.07,1
U031,U052,50.05,90,50,64.89,0
U031,U051,67.94,75,50,64.76,1
U032,U062,93.41,75,100,88.7,1
U032,U012,96.69,90,50,79.09,1
U032,U092,93.75,90,50,78.2,1
U032,U002,93.64,90,50,78.17,1
U032,U052,91.65,75,50,71.98,1
U032,U063,35.67,75,100,71.11,0
U032,U042,93.64,60,50,67.01,1
U032,U072,74.72,75,50,66.82,1
U032,U022,88.21,60,50,65.36,0
U032,U082,68.11,75,50,64.81,0
U032,U091,48.6,90,50,64.44,1
U032,U021,47.78,90,50,64.19,1
U032,U071,45.27,90,50,63.43,1
U032,U048,25.53,60,100,62.44,1
U032,U090,22.58,60,100,61.54,1
U032,U056,37.57,90,50,61.08,0
U032,U096,33.56,90,50,59.86,0
U032,U031,51.39,75,50,59.72,0
U032,U001,51.35,75,50,59.7,1
U032,U011,51.2,75,50,59.66,0
U033,U023,75.8,75,100,83.33,1
U033,U053,93.28,90,50,78.06,1
U033,U007,29.33,90,100,74.75,1
U033,U093,93.1,75,50,72.43,0
U033,U013,92.43,75,50,72.22,0
U033,U064,29.42,75,100,69.2,0
U033,U034,27.99,75,100,68.76,1
U033,U094,26.7,75,100,68.37,1
U033,U063,78.63,75,50,68.02,1
U033,U003,94.86,60,50,67.39,1
U033,U056,22.48,75,100,67.09,1
U033,U029,26.83,60,100,62.84,0
U033,U073,78.52,60,50,62.41,1
U033,U043,75.97,60,50,61.63,1
U033,U035,22.03,60,100,61.37,1
U033,U049,21.71,60,100,61.28,1
U033,U083,73.89,60,50,61.0,0
U033,U017,34.8,90,50,60.24,1
U033,U062,34.63,90,50,60.19,1
U033,U052,33.38,90,50,59.81,0
U034,U064,71.46,90,100,87.59,1
U034,U094,74.72,75,100,83.01,1
U034,U056,33.22,90,100,75.93,1
U034,U044,76.43,90,50,72.92,1
U034,U054,93.23,75,50,72.46,0
U034,U014,92.97,75,50,72.39,1
U034,U023,36.04,75,100,71.22,1
U034,U033,27.99,75,100,68.76,1
U034,U024,76.73,75,50,67.44,0
U034,U007,23.44,75,100,67.38,1
U034,U074,73.18,75,50,66.36,1
U034,U084,73.18,75,50,66.36,1
U034,U004,73.09,75,50,66.33,0
U034,U029,29.49,60,100,63.65,0
U034,U049,29.28,60,100,63.58,1
U034,U035,28.9,60,100,63.47,1
U034,U071,41.95,90,50,62.42,1
U034,U091,39.04,90,50,61.53,1
U034,U021,38.38,90,50,61.33,1
U034,U012,35.28,90,50,60.38,1
U035,U015,97.22,90,50,79.26,0
U035,U055,93.19,90,50,78.03,0
U035,U095,85.15,90,50,75.58,1
U035,U075,82.42,90,50,74.75,0
U035,U085,79.91,90,50,73.98,0
U035,U065,94.9,60,50,67.4,1
U035,U049,22.26,75,100,67.02,0
U035,U029,22.04,75,100,66.95,1
U035,U025,93.01,60,50,66.82,0
U035,U005,90.47,60,50,66.05,0
U035,U023,31.91,60,100,64.39,1
U035,U034,28.9,60,100,63.47,1
U035,U045,78.74,60,50,62.47,0
U035,U094,25.16,60,100,62.33,1
U035,U064,24.97,60,100,62.27,0
U035,U056,23.51,60,100,61.82,0
U035,U007,22.88,60,100,61.63,1
U035,U033,22.03,60,100,61.37,0
U035,U010,28.98,75,50,52.89,1
U035,U050,28.93,75,50,52.88,1
U036,U076,82.31,75,100,85.32,1
U036,U016,92.35,90,50,77.77,1
U036,U006,79.11,90,50,73.74,1
U036,U066,78.99,90,50,73.7,1
U036,U086,94.4,75,50,72.82,1
U036,U056,94.22,75,50,72.77,1
U036,U096,92.45,75,50,72.23,1
U036,U054,35.81,75,100,71.15,1
U036,U044,30.0,75,100,69.38,1
U036,U046,79.59,75,50,68.31,1
U036,U026,79.2,75,50,68.19,1
U036,U091,24.98,75,100,67.85,0
U036,U088,30.16,60,100,63.85,1
U036,U073,29.08,60,100,63.52,1
U036,U055,22.78,60,100,61.6,1
U036,U050,21.62,60,100,61.25,0
U036,U059,20.51,60,100,60.91,1
U036,U069,20.24,60,100,60.83,1
U036,U040,19.52,60,100,60.61,1
U036,U062,37.65,75,50,55.53,1
U037,U027,95.3,75,100,89.27,0
U037,U057,92.75,60,100,82.92,1
U037,U087,84.98,60,100,80.55,1
U037,U017,97.17,90,50,79.24,0
U037,U007,85.08,90,50,75.56,0
U037,U097,95.3,75,50,73.09,1
U037,U026,34.07,75,100,70.62,1
U037,U004,33.76,75,100,70.52,1
U037,U024,33.64,75,100,70.49,0
U037,U084,33.59,75,100,70.47,1
U037,U077,85.01,75,50,69.96,1
U037,U046,31.32,75,100,69.78,1
U037,U051,27.0,75,100,68.46,1
U037,U047,97.31,60,50,68.13,0
U037,U067,82.42,60,50,63.59,1
U037,U079,27.81,60,100,63.13,0
U037,U099,22.89,60,100,61.64,0
U037,U060,19.45,60,100,60.59,0
U037,U020,18.84,60,100,60.4,1
U037,U062,35.1,90,50,60.33,1
U038,U028,73.2,90,100,88.12,1
U038,U068,67.44,90,100,86.36,1
U038,U078,67.54,75,100,80.82,1
U038,U008,95.2,75,50,73.07,1
U038,U098,94.19,75,50,72.76,1
U038,U018,67.29,90,50,70.14,1
U038,U088,76.25,75,50,67.29,1
U038,U048,70.45,75,50,65.52,1
U038,U058,70.08,75,50,65.41,1
U038,U052,32.76,60,100,64.64,1
U038,U061,26.84,60,100,62.84,1
U038,U093,26.6,60,100,62.77,1
U038,U013,23.25,60,100,61.75,0
U038,U019,31.14,90,50,59.13,1
U038,U099,30.37,90,50,58.89,0
U038,U069,27.4,90,50,57.98,0
U038,U064,62.86,60,50,57.64,1
U038,U059,24.45,90,50,57.08,1
U038,U094,59.98,60,50,56.76,1
U038,U004,59.91,60,50,56.74,1
U039,U019,90.62,75,100,87.85,1
U039,U079,94.98,90,50,78.57,0
U039,U049,94.89,90,50,78.55,0
U039,U029,92.43,90,50,77.8,0
U039,U009,90.71,90,50,77.27,1
U039,U099,94.92,75,50,72.98,1
U039,U059,83.03,75,50,69.36,0
U039,U042,25.04,75,100,67.87,0
U039,U069,77.24,75,50,67.59,1
U039,U075,23.73,75,100,67.47,1
U039,U010,22.62,75,100,67.13,1
U039,U066,31.9,60,100,64.38,1
U039,U014,29.52,60,100,63.66,1
U039,U089,78.53,60,50,62.41,0
U039,U016,25.31,60,100,62.37,0
U039,U012,25.1,60,100,62.31,1
U039,U005,24.3,60,100,62.06,0
U039,U025,21.85,60,100,61.32,0
U039,U031,21.45,60,100,61.2,1
U039,U053,21.4,60,100,61.18,0
U040,U050,83.9,90,100,91.38,1
U040,U080,96.36,90,50,79.0,0
U040,U030,95.16,90,50,78.63,1
U040,U070,94.97,90,50,78.57,1
U040,U100,84.66,90,50,75.43,1
U040,U090,84.58,90,50,75.41,0
U040,U060,96.12,75,50,73.35,1
U040,U020,87.97,75,50,70.86,1
U040,U010,85.9,75,50,70.23,1
U040,U088,24.26,75,100,67.63,0
U040,U073,22.08,75,100,66.96,1
U040,U059,18.87,75,100,65.99,1
U040,U069,18.46,75,100,65.86,1
U040,U055,18.33,75,100,65.82,0
U040,U054,36.05,60,100,65.65,0
U040,U044,28.72,60,100,63.41,0
U040,U076,21.84,60,100,61.32,1
U040,U091,20.64,60,100,60.95,1
U040,U036,19.52,60,100,60.61,1
U040,U048,27.37,75,50,52.4,1
U041,U081,92.19,90,100,93.9,1
U041,U051,94.74,90,50,78.5,1
U041,U061,94.58,90,50,78.45,1
U041,U086,25.57,90,100,73.6,1
U041,U097,24.09,90,100,73.16,1
U041,U071,92.92,75,50,72.37,1
U041,U011,70.66,90,50,71.16,1
U041,U001,67.82,90,50,70.3,0
U041,U006,27.87,75,100,68.73,1
U041,U031,73.04,75,50,66.31,1
U041,U091,70.46,75,50,65.53,1
U041,U083,34.78,60,100,65.26,1
U041,U021,69.26,75,50,65.16,1
U041,U094,42.69,90,50,62.64,1
U041,U015,25.32,60,100,62.38,0
U041,U003,24.19,60,100,62.03,1
U041,U014,39.67,90,50,61.72,1
U041,U067,20.62,60,100,60.94,0
U041,U100,20.25,60,100,60.83,1
U041,U023,35.68,90,50,60.51,1
U042,U012,96.95,60,100,84.2,1
U042,U022,91.25,90,50,77.44,1
U042,U072,72.02,60,100,76.6,1
U042,U031,51.59,60,100,70.38,1
U042,U062,96.75,60,50,67.96,1
U042,U002,96.45,60,50,67.87,0
U042,U039,25.04,75,100,67.87,1
U042,U019,24.69,75,100,67.76,1
U042,U075,24.09,75,100,67.58,1
U042,U010,23.17,75,100,67.3,0
U042,U032,93.64,60,50,67.01,1
U042,U092,93.29,60,50,66.91,1
U042,U052,91.2,60,50,66.27,0
U042,U014,31.48,60,100,64.25,1
U042,U066,30.94,60,100,64.09,1
U042,U053,30.84,60,100,64.06,0
U042,U016,30.74,60,100,64.03,0
U042,U025,27.87,60,100,63.15,1
U042,U067,40.68,90,50,62.03,0
U042,U005,21.79,60,100,61.3,1
U043,U073,93.22,90,50,78.04,1
U043,U083,90.7,90,50,77.27,1
U043,U003,78.82,90,50,73.65,1
U043,U095,28.91,75,100,69.05,1
U043,U018,26.36,75,100,68.27,0
U043,U063,96.87,60,50,68.0,1
U043,U023,96.54,60,50,67.9,1
U043,U017,35.01,60,100,65.33,0
U043,U077,30.48,60,100,63.95,1
U043,U045,28.23,60,100,63.26,1
U043,U011,27.57,60,100,63.06,0
U043,U053,77.29,60,50,62.03,0
U043,U033,75.97,60,50,61.63,1
U043,U013,75.78,60,50,61.57,1
U043,U093,74.78,60,50,61.27,1
U043,U047,37.89,75,50,55.6,1
U043,U057,37.34,75,50,55.44,0
U043,U042,35.93,75,50,55.01,0
U043,U022,34.91,75,50,54.69,1
U043,U067,33.51,75,50,54.27,1
U044,U054,76.9,75,100,83.67,1
U044,U091,39.03,90,100,77.71,1
U044,U064,90.89,90,50,77.33,1
U044,U004,96.69,75,50,73.52,1
U044,U088,61.14,60,100,73.29,1
U044,U034,76.43,90,50,72.92,0
U044,U084,93.62,75,50,72.58,1
U044,U074,93.62,75,50,72.58,1
U044,U024,93.47,75,50,72.54,1
U044,U094,91.02,75,50,71.79,1
U044,U076,32.33,75,100,70.09,1
U044,U036,30.0,75,100,69.38,1
U044,U014,80.42,75,50,68.56,1
U044,U073,40.69,60,100,67.06,1
U044,U040,28.72,60,100,63.41,1
U044,U050,28.06,60,100,63.21,1
U044,U071,42.86,90,50,62.7,0
U044,U059,22.53,60,100,61.53,1
U044,U055,22.32,60,100,61.46,1
U044,U069,22.03,60,100,61.37,0
U045,U095,93.56,60,100,83.17,1
U045,U065,80.89,90,50,74.28,0
U045,U005,85.46,75,50,70.1,0
U045,U025,83.1,75,50,69.38,1
U045,U017,25.11,75,100,67.89,1
U045,U077,23.8,75,100,67.49,1
U045,U075,93.61,60,50,67.01,0
U045,U085,93.44,60,50,66.95,1
U045,U011,20.29,75,100,66.42,1
U045,U055,85.5,60,50,64.53,1
U045,U043,28.23,60,100,63.26,1
U045,U035,78.74,60,50,62.47,1
U045,U015,78.71,60,50,62.46,0
U045,U018,23.85,60,100,61.93,0
U045,U064,34.06,75,50,54.44,1
U045,U094,34.02,75,50,54.42,0
U045,U097,33.19,75,50,54.17,0
U045,U027,30.88,75,50,53.47,0
U045,U024,30.48,75,50,53.35,0
U045,U084,30.43,75,50,53.33,0
U046,U026,96.79,90,100,95.3,1
U046,U076,97.06,90,50,79.21,1
U046,U027,30.65,90,100,75.15,1
U046,U051,27.9,90,100,74.31,1
U046,U086,79.2,90,50,73.77,0
U046,U066,93.49,75,50,72.54,0
U046,U006,93.38,75,50,72.51,1
U046,U004,35.45,75,100,71.04,0
U046,U024,32.42,75,100,70.12,1
U046,U084,32.38,75,100,70.1,0
U046,U037,31.32,75,100,69.78,0
U046,U036,79.59,75,50,68.31,1
U046,U056,79.28,75,50,68.22,0
U046,U096,77.56,75,50,67.69,0
U046,U016,74.56,75,50,66.78,1
U046,U099,31.48,60,100,64.25,1
U046,U079,28.48,60,100,63.34,0
U046,U087,28.21,60,100,63.26,1
U046,U057,27.84,60,100,63.14,0
U046,U060,27.06,60,100,62.91,1
U047,U057,92.49,90,50,77.82,0
U047,U087,82.35,90,50,74.73,0
U047,U067,82.19,90,50,74.68,1
U047,U037,97.31,60,50,68.13,1
U047,U008,24.54,75,100,67.72,1
U047,U098,24.29,75,100,67.64,0
U047,U085,23.25,75,100,67.32,0
U047,U017,94.49,60,50,67.27,1
U047,U097,92.67,60,50,66.72,1
U047,U027,92.67,60,50,66.72,1
U047,U080,17.31,75,100,65.51,1
U047,U002,35.33,60,100,65.42,1
U047,U077,85.32,60,50,64.48,1
U047,U007,84.85,60,50,64.34,1
U047,U065,20.58,60,100,60.93,1
U047,U021,19.68,60,100,60.66,0
U047,U042,35.33,90,50,60.4,1
U047,U022,34.18,90,50,60.05,1
U047,U058,29.69,90,50,58.68,0
U047,U078,26.55,90,50,57.73,0
U048,U078,93.24,90,50,78.04,0
U048,U058,93.08,90,50,78.0,1
U048,U088,94.23,75,50,72.77,1
U048,U068,93.39,75,50,72.51,1
U048,U018,93.19,75,50,72.45,0
U048,U028,87.31,75,50,70.66,0
U048,U090,20.42,75,100,66.46,0
U048,U008,72.13,75,50,66.03,0
U048,U038,70.45,75,50,65.52,0
U048,U098,70.32,75,50,65.48,1
U048,U062,32.42,60,100,64.54,0
U048,U063,29.77,60,100,63.73,1
U048,U032,25.53,60,100,62.44,1
U048,U042,32.35,90,50,59.49,1
U048,U067,29.67,90,50,58.68,1
U048,U044,66.09,60,50,58.62,1
U048,U022,28.39,90,50,58.29,0
U048,U014,63.93,60,50,57.96,0
U048,U034,63.72,60,50,57.9,0
U048,U087,26.66,90,50,57.76,0
U049,U029,94.96,90,100,94.75,1
U049,U079,97.53,90,50,79.35,0
U049,U009,95.71,90,50,78.8,1
U049,U039,94.89,90,50,78.55,0
U049,U019,93.1,75,50,72.43,0
U049,U099,92.49,75,50,72.24,1
U049,U069,79.73,75,50,68.35,1
U049,U059,78.54,75,50,67.99,1
U049,U035,22.26,75,100,67.02,1
U049,U034,29.28,60,100,63.58,1
U049,U089,80.74,60,50,63.08,1
U049,U094,27.48,60,100,63.04,0
U049,U023,25.77,60,100,62.51,0
U049,U064,24.61,60,100,62.16,0
U049,U056,23.0,60,100,61.67,1
U049,U007,22.72,60,100,61.59,0
U049,U033,21.71,60,100,61.28,0
U049,U088,30.53,90,50,58.94,1
U049,U008,28.05,90,50,58.18,0
U049,U098,25.05,90,50,57.27,0
U050,U040,83.9,90,100,91.38,0
U050,U090,94.05,90,50,78.29,1
U050,U100,93.97,90,50,78.27,1
U050,U080,86.12,90,50,75.88,0
U050,U070,84.82,90,50,75.48,1
U050,U030,84.6,90,50,75.41,0
U050,U010,97.81,75,50,73.86,1
U050,U020,95.59,75,50,73.18,0
U050,U060,88.13,75,50,70.91,1
U050,U055,26.23,75,100,68.23,0
U050,U073,23.56,75,100,67.42,1
U050,U088,23.06,75,100,67.27,0
U050,U059,20.11,75,100,66.37,1
U050,U069,17.7,75,100,65.63,0
U050,U054,30.47,60,100,63.95,1
U050,U044,28.06,60,100,63.21,1
U050,U076,26.12,60,100,62.62,1
U050,U036,21.62,60,100,61.25,1
U050,U091,20.12,60,100,60.79,1
U050,U058,29.08,75,50,52.92,1
U051,U041,94.74,90,50,78.5,1
U051,U081,94.57,90,50,78.45,1
U051,U061,92.19,90,50,77.72,0
U051,U084,49.7,75,100,75.38,0
U051,U026,30.56,90,100,75.12,0
U051,U004,47.04,75,100,74.57,1
U051,U024,46.48,75,100,74.4,1
U051,U046,27.9,90,100,74.31,1
U051,U027,26.42,90,100,73.86,1
U051,U071,93.0,75,50,72.4,1
U051,U001,70.66,90,50,71.16,0
U051,U011,70.14,90,50,71.01,1
U051,U037,27.0,75,100,68.46,1
U051,U091,70.52,75,50,65.55,1
U051,U031,67.94,75,50,64.76,1
U051,U021,66.6,75,50,64.35,0
U051,U014,45.61,90,50,63.53,1
U051,U094,45.27,90,50,63.43,1
U051,U087,25.95,60,100,62.57,0
U051,U057,24.07,60,100,62.0,1
U052,U062,88.0,90,50,76.45,1
U052,U061,41.99,75,100,73.03,1
U052,U092,94.28,75,50,72.78,0
U052,U032,91.65,75,50,71.98,1
U052,U012,91.41,75,50,71.91,0
U052,U072,72.95,90,50,71.86,1
U052,U002,91.2,75,50,71.85,1
U052,U082,72.84,90,50,71.83,1
U052,U093,37.13,75,100,71.55,1
U052,U013,33.66,75,100,70.49,1
U052,U022,96.65,60,50,67.93,0
U052,U042,91.2,60,50,66.27,1
U052,U028,35.68,60,100,65.53,0
U052,U031,50.05,90,50,64.89,1
U052,U038,32.76,60,100,64.64,1
U052,U078,25.03,60,100,62.29,1
U052,U068,24.99,60,100,62.28,1
U052,U053,39.71,90,50,61.73,1
U052,U007,39.64,90,50,61.71,0
U052,U021,53.36,75,50,60.32,0
U053,U033,93.28,90,50,78.06,1
U053,U072,27.77,90,100,74.28,1
U053,U031,25.23,90,100,73.5,1
U053,U093,95.43,75,50,73.13,1
U053,U013,93.05,75,50,72.41,1
U053,U012,30.92,75,100,69.66,0
U053,U016,30.48,75,100,69.53,1
U053,U005,27.41,75,100,68.59,1
U053,U025,25.07,75,100,67.88,1
U053,U014,24.4,75,100,67.67,1
U053,U066,23.84,75,100,67.5,1
U053,U003,93.11,60,50,66.85,1
U053,U063,74.66,75,50,66.81,1
U053,U023,74.4,75,50,66.73,1
U053,U042,30.84,60,100,64.06,1
U053,U083,79.67,60,50,62.76,1
U053,U019,24.91,60,100,62.25,1
U053,U043,77.29,60,50,62.03,0
U053,U052,39.71,90,50,61.73,1
U053,U010,21.95,60,100,61.35,1
U054,U044,76.9,75,100,83.67,1
U054,U024,83.39,90,50,75.04,1
U054,U074,79.8,90,50,73.95,1
U054,U084,79.8,90,50,73.95,1
U054,U014,96.52,75,50,73.47,1
U054,U004,76.74,90,50,73.02,0
U054,U034,93.23,75,50,72.46,1
U054,U076,39.68,75,100,72.33,1
U054,U088,55.55,60,100,71.59,1
U054,U091,36.11,75,100,71.24,1
U054,U036,35.81,75,100,71.15,1
U054,U094,78.08,75,50,67.85,1
U054,U064,74.8,75,50,66.85,1
U054,U040,36.05,60,100,65.65,0
U054,U073,32.16,60,100,64.46,1
U054,U050,30.47,60,100,63.95,1
U054,U069,25.38,60,100,62.4,1
U054,U055,25.19,60,100,62.34,1
U054,U059,23.11,60,100,61.7,0
U054,U078,66.95,60,50,58.88,0
U055,U035,93.19,90,50,78.03,1
U055,U015,90.47,90,50,77.2,0
U055,U095,81.09,90,50,74.34,0
U055,U075,80.68,90,50,74.22,1
U055,U085,78.4,90,50,73.52,1
U055,U088,28.78,75,100,69.01,0
U055,U050,26.23,75,100,68.23,1
U055,U025,97.49,60,50,68.19,0
U055,U005,97.32,60,50,68.14,1
U055,U073,22.55,75,100,67.11,1
U055,U069,22.09,75,100,66.97,0
U055,U059,19.18,75,100,66.08,0
U055,U065,90.55,60,50,66.07,1
U055,U040,18.33,75,100,65.82,0
U055,U045,85.5,60,50,64.53,0
U055,U054,25.19,60,100,62.34,1
U055,U076,24.92,60,100,62.25,1
U055,U036,22.78,60,100,61.6,1
U055,U044,22.32,60,100,61.46,0
U055,U091,18.91,60,100,60.42,1
U056,U096,89.81,90,50,77.0,0
U056,U034,33.22,90,100,75.93,0
U056,U064,29.29,90,100,74.74,0
U056,U016,95.1,75,50,73.03,1
U056,U036,94.22,75,50,72.77,1
U056,U086,91.7,75,50,72.0,0
U056,U007,37.16,75,100,71.56,1
U056,U006,85.41,75,50,70.08,0
U056,U066,82.68,75,50,69.25,1
U056,U023,29.56,75,100,69.24,0
U056,U094,29.25,75,100,69.15,1
U056,U026,79.58,75,50,68.31,0
U056,U076,79.37,75,50,68.24,0
U056,U046,79.28,75,50,68.22,1
U056,U033,22.48,75,100,67.09,1
U056,U035,23.51,60,100,61.82,1
U056,U049,23.0,60,100,61.67,1
U056,U092,37.91,90,50,61.19,1
U056,U002,37.86,90,50,61.17,1
U056,U032,37.57,90,50,61.08,0
U057,U087,80.65,90,100,90.39,1
U057,U027,95.0,60,100,83.61,1
U057,U037,92.75,60,100,82.92,1
U057,U047,92.49,90,50,77.82,1
U057,U067,83.22,90,50,74.99,1
U057,U097,97.49,60,50,68.19,1
U057,U079,22.47,75,100,67.08,1
U057,U020,20.81,75,100,66.58,0
U057,U099,19.93,75,100,66.31,0
U057,U060,18.99,75,100,66.02,0
U057,U017,90.0,60,50,65.9,1
U057,U024,33.28,60,100,64.8,1
U057,U084,30.19,60,100,63.86,1
U057,U004,30.15,60,100,63.85,1
U057,U026,27.94,60,100,63.17,1
U057,U046,27.84,60,100,63.14,1
U057,U077,80.68,60,50,63.07,1
U057,U007,80.58,60,50,63.03,1
U057,U051,24.07,60,100,62.0,1
U057,U022,38.04,90,50,61.23,1
U058,U048,93.08,90,50,78.0,1
U058,U078,89.98,90,50,77.05,1
U058,U022,31.47,90,100,75.4,1
U058,U018,96.95,75,50,73.6,1
U058,U074,59.22,60,100,72.71,1
U058,U068,93.56,75,50,72.57,0
U058,U028,90.98,75,50,71.78,1
U058,U088,90.8,75,50,71.72,1
U058,U009,30.74,75,100,69.6,0
U058,U030,24.19,75,100,67.61,0
U058,U098,73.7,75,50,66.51,0
U058,U008,71.75,75,50,65.92,1
U058,U038,70.08,75,50,65.41,0
U058,U089,32.68,60,100,64.62,1
U058,U092,32.1,60,100,64.44,1
U058,U096,29.89,60,100,63.77,1
U058,U071,29.34,60,100,63.6,1
U058,U001,25.74,60,100,62.5,1
U058,U082,23.64,60,100,61.86,0
U058,U042,32.59,90,50,59.57,1
U059,U069,94.57,90,100,94.63,0
U059,U099,83.07,90,50,74.94,1
U059,U019,79.3,90,50,73.8,0
U059,U088,32.11,75,100,70.02,1
U059,U039,83.03,75,50,69.36,1
U059,U029,80.88,75,50,68.7,1
U059,U079,78.61,75,50,68.01,1
U059,U049,78.54,75,50,67.99,1
U059,U089,96.15,60,50,67.78,0
U059,U009,77.0,75,50,67.52,0
U059,U073,22.77,75,100,67.17,0
U059,U050,20.11,75,100,66.37,0
U059,U055,19.18,75,100,66.08,0
U059,U040,18.87,75,100,65.99,1
U059,U076,27.95,60,100,63.18,1
U059,U054,23.11,60,100,61.7,1
U059,U044,22.53,60,100,61.53,1
U059,U091,21.47,60,100,61.2,1
U059,U036,20.51,60,100,60.91,0
U059,U018,32.94,90,50,59.67,0
U060,U020,85.93,90,100,92.0,1
U060,U010,87.97,90,50,76.44,1
U060,U080,96.47,75,50,73.45,0
U060,U040,96.12,75,50,73.35,0
U060,U070,95.02,75,50,73.01,1
U060,U030,93.14,75,50,72.44,1
U060,U099,21.51,90,100,72.37,0
U060,U050,88.13,75,50,70.91,0
U060,U090,84.54,75,50,69.82,1
U060,U100,82.65,75,50,69.24,0
U060,U079,21.28,75,100,66.72,1
U060,U087,19.25,75,100,66.1,1
U060,U057,18.99,75,100,66.02,1
U060,U046,27.06,60,100,62.91,1
U060,U024,25.9,60,100,62.55,1
U060,U084,25.86,60,100,62.54,1
U060,U004,25.83,60,100,62.53,1
U060,U026,24.49,60,100,62.12,0
U060,U037,19.45,60,100,60.59,1
U060,U051,19.19,60,100,60.51,1
U061,U081,97.61,90,50,79.38,1
U061,U041,94.58,90,50,78.45,0
U061,U051,92.19,90,50,77.72,0
U061,U013,24.24,90,100,73.2,1
U061,U093,24.04,90,100,73.14,1
U061,U052,41.99,75,100,73.03,1
U061,U071,92.84,75,50,72.35,1
U061,U001,72.96,90,50,71.87,1
U061,U011,70.64,90,50,71.16,0
U061,U031,72.84,75,50,66.25,0
U061,U091,70.45,75,50,65.52,1
U061,U021,69.25,75,50,65.16,1
U061,U078,32.76,60,100,64.64,1
U061,U068,29.68,60,100,63.71,1
U061,U094,45.77,90,50,63.58,1
U061,U028,28.89,60,100,63.47,0
U061,U038,26.84,60,100,62.84,0
U061,U014,42.83,90,50,62.68,1
U061,U063,35.73,90,50,60.52,0
U061,U023,35.61,90,50,60.49,1
U062,U032,93.41,75,100,88.7,1
U062,U052,88.0,90,50,76.45,1
U062,U012,93.69,75,50,72.6,1
U062,U002,93.2,75,50,72.45,0
U062,U092,90.02,75,50,71.49,1
U062,U063,36.05,75,100,71.22,0
U062,U082,70.81,90,50,71.21,1
U062,U072,69.3,90,50,70.75,1
U062,U042,96.75,60,50,67.96,1
U062,U022,91.44,60,50,66.34,1
U062,U031,54.34,90,50,66.19,1
U062,U048,32.42,60,100,64.54,1
U062,U007,40.58,90,50,62.0,1
U062,U090,22.52,60,100,61.52,0
U062,U011,54.55,75,50,60.68,1
U062,U091,54.4,75,50,60.63,1
U062,U001,54.05,75,50,60.53,1
U062,U017,35.51,90,50,60.45,1
U062,U021,53.47,75,50,60.35,0
U062,U037,35.1,90,50,60.33,1
U063,U023,96.65,90,50,79.08,1
U063,U093,77.39,90,50,73.22,1
U063,U013,73.1,90,50,71.91,1
U063,U062,36.05,75,100,71.22,1
U063,U032,35.67,75,100,71.11,1
U063,U033,78.63,75,50,68.02,0
U063,U043,96.87,60,50,68.0,1
U063,U073,96.35,60,50,67.84,0
U063,U053,74.66,75,50,66.81,1
U063,U083,90.81,60,50,66.15,0
U063,U048,29.77,60,100,63.73,0
U063,U003,78.91,60,50,62.53,1
U063,U090,23.28,60,100,61.75,1
U063,U094,39.32,90,50,61.62,0
U063,U027,37.02,90,50,60.91,0
U063,U061,35.73,90,50,60.52,0
U063,U014,35.6,90,50,60.48,0
U063,U081,35.56,90,50,60.47,1
U063,U086,35.25,90,50,60.38,1
U063,U026,34.63,90,50,60.19,1
U064,U094,96.84,75,100,89.74,1
U064,U034,71.46,90,100,87.59,1
U064,U044,90.89,90,50,77.33,0
U064,U056,29.29,90,100,74.74,1
U064,U004,91.0,75,50,71.79,1
U064,U024,91.01,75,50,71.79,1
U064,U074,90.88,75,50,71.75,1
U064,U084,90.88,75,50,71.75,0
U064,U023,36.08,75,100,71.23,1
U064,U033,29.42,75,100,69.2,1
U064,U007,25.72,75,100,68.08,0
U064,U054,74.8,75,50,66.85,1
U064,U014,74.59,75,50,66.79,1
U064,U071,49.21,90,50,64.63,0
U064,U029,27.27,60,100,62.97,0
U064,U096,41.63,90,50,62.32,1
U064,U035,24.97,60,100,62.27,1
U064,U049,24.61,60,100,62.16,0
U064,U021,38.71,90,50,61.43,0
U064,U091,32.27,90,50,59.47,0
U065,U085,84.79,60,100,80.5,1
U065,U045,80.89,90,50,74.28,1
U065,U005,93.28,75,50,72.48,1
U065,U025,90.37,75,50,71.59,1
U065,U002,28.32,75,100,68.87,0
U065,U035,94.9,60,50,67.4,0
U065,U015,94.86,60,50,67.39,1
U065,U021,21.44,75,100,66.77,1
U065,U055,90.55,60,50,66.07,1
U065,U075,85.16,60,50,64.43,1
U065,U095,84.7,60,50,64.29,1
U065,U008,26.46,60,100,62.72,0
U065,U080,20.74,60,100,60.98,1
U065,U047,20.58,60,100,60.93,0
U065,U098,20.55,60,100,60.92,1
U065,U014,31.67,75,50,53.71,1
U065,U044,28.99,75,50,52.89,1
U065,U063,28.65,75,50,52.79,0
U065,U084,28.64,75,50,52.78,1
U065,U074,28.64,75,50,52.78,0
U066,U016,77.88,90,100,89.54,1
U066,U006,97.06,90,50,79.21,0
U066,U036,78.99,90,50,73.7,1
U066,U026,96.68,75,50,73.51,0
U066,U076,96.42,75,50,73.44,1
U066,U014,43.23,75,100,73.41,0
U066,U046,93.49,75,50,72.54,1
U066,U012,33.85,75,100,70.55,1
U066,U056,82.68,75,50,69.25,1
U066,U072,28.02,75,100,68.77,0
U066,U086,79.08,75,50,68.16,1
U066,U005,24.99,75,100,67.85,1
U066,U025,24.87,75,100,67.82,1
U066,U096,77.45,75,50,67.66,1
U066,U031,23.9,75,100,67.52,0
U066,U053,23.84,75,100,67.5,1
U066,U039,31.9,60,100,64.38,1
U066,U042,30.94,60,100,64.09,0
U066,U019,27.71,60,100,63.1,0
U066,U075,24.42,60,100,62.1,1
U067,U087,97.44,90,50,79.32,1
U067,U097,80.65,60,100,79.23,1
U067,U057,83.22,90,50,74.99,1
U067,U047,82.19,90,50,74.68,1
U067,U003,32.31,75,100,70.08,1
U067,U083,26.78,75,100,68.4,0
U067,U007,97.35,60,50,68.14,1
U067,U077,94.48,60,50,67.27,0
U067,U015,23.05,75,100,67.26,1
U067,U100,20.77,75,100,66.57,0
U067,U070,19.12,75,100,66.06,1
U067,U086,34.45,60,100,65.16,1
U067,U006,34.21,60,100,65.08,1
U067,U037,82.42,60,50,63.59,1
U067,U017,79.66,60,50,62.75,0
U067,U081,25.93,60,100,62.56,1
U067,U027,78.12,60,50,62.29,1
U067,U042,40.68,90,50,62.03,1
U067,U041,20.62,60,100,60.94,1
U067,U022,36.86,90,50,60.87,1
U068,U028,90.85,90,100,93.49,1
U068,U078,96.42,75,100,89.61,1
U068,U038,67.44,90,100,86.36,1
U068,U018,96.61,90,50,79.07,1
U068,U058,93.56,75,50,72.57,1
U068,U048,93.39,75,50,72.51,1
U068,U088,91.1,75,50,71.82,1
U068,U008,71.78,75,50,65.93,1
U068,U098,70.68,75,50,65.59,1
U068,U061,29.68,60,100,63.71,1
U068,U013,25.25,60,100,62.36,1
U068,U052,24.99,60,100,62.28,1
U068,U093,24.65,60,100,62.17,0
U068,U019,36.46,90,50,60.74,1
U068,U099,34.54,90,50,60.16,1
U068,U059,30.28,90,50,58.86,0
U068,U069,29.88,90,50,58.74,0
U068,U024,65.65,60,50,58.49,1
U068,U074,65.56,60,50,58.46,0
U068,U084,65.56,60,50,58.46,0
U069,U059,94.57,90,100,94.63,1
U069,U019,83.67,90,50,75.13,0
U069,U099,79.6,90,50,73.89,1
U069,U088,35.2,75,100,70.96,1
U069,U009,83.58,75,50,69.52,0
U069,U029,79.82,75,50,68.38,0
U069,U049,79.73,75,50,68.35,1
U069,U079,77.59,75,50,67.7,1
U069,U039,77.24,75,50,67.59,0
U069,U089,94.9,60,50,67.4,1
U069,U055,22.09,75,100,66.97,0
U069,U073,19.67,75,100,66.23,1
U069,U040,18.46,75,100,65.86,1
U069,U050,17.7,75,100,65.63,1
U069,U054,25.38,60,100,62.4,1
U069,U076,24.94,60,100,62.26,1
U069,U044,22.03,60,100,61.37,0
U069,U091,21.01,60,100,61.06,1
U069,U036,20.24,60,100,60.83,1
U069,U028,32.61,90,50,59.57,1
U070,U100,88.34,90,100,92.73,0
U070,U030,96.36,90,50,79.0,1
U070,U080,95.02,90,50,78.59,1
U070,U040,94.97,90,50,78.57,1
U070,U090,86.46,90,50,75.98,1
U070,U050,84.82,90,50,75.48,1
U070,U060,95.02,75,50,73.01,1
U070,U010,84.96,75,50,69.95,1
U070,U020,84.61,75,50,69.84,1
U070,U083,27.19,75,100,68.52,1
U070,U067,19.12,75,100,66.06,1
U070,U015,18.57,75,100,65.9,1
U070,U003,18.39,75,100,65.84,1
U070,U006,24.07,60,100,62.0,1
U070,U097,22.23,60,100,61.44,1
U070,U086,19.44,60,100,60.59,1
U070,U041,18.92,60,100,60.43,1
U070,U081,18.87,60,100,60.41,1
U070,U028,29.95,75,50,53.19,0
U070,U088,27.33,75,50,52.39,1
U071,U001,68.91,75,100,81.23,1
U071,U092,42.42,90,100,78.74,1
U071,U096,28.75,90,100,74.57,1
U071,U074,45.72,75,100,74.17,1
U071,U051,93.0,75,50,72.4,1
U071,U041,92.92,75,50,72.37,1
U071,U081,92.93,75,50,72.37,1
U071,U061,92.84,75,50,72.35,1
U071,U082,37.86,75,100,71.77,1
U071,U021,71.49,90,50,71.42,0
U071,U091,66.45,90,50,69.88,1
U071,U022,45.54,60,100,68.54,1
U071,U089,17.12,75,100,65.45,1
U071,U031,68.97,75,50,65.07,1
U071,U064,49.21,90,50,64.63,0
U071,U011,66.63,75,50,64.36,1
U071,U058,29.34,60,100,63.6,1
U071,U032,45.27,90,50,63.43,1
U071,U044,42.86,90,50,62.7,0
U071,U012,42.47,90,50,62.57,0
U072,U012,74.52,75,100,82.94,1
U072,U031,42.43,90,100,78.74,1
U072,U082,91.73,90,50,77.58,1
U072,U042,72.02,60,100,76.6,1
U072,U053,27.77,90,100,74.28,0
U072,U052,72.95,90,50,71.86,1
U072,U062,69.3,90,50,70.75,1
U072,U066,28.02,75,100,68.77,1
U072,U014,25.73,75,100,68.08,0
U072,U032,74.72,75,50,66.82,1
U072,U092,74.62,75,50,66.8,1
U072,U016,20.68,75,100,66.54,1
U072,U025,20.55,75,100,66.5,1
U072,U002,72.02,75,50,66.0,1
U072,U005,18.08,75,100,65.75,1
U072,U010,21.28,60,100,61.14,0
U072,U039,20.78,60,100,60.99,1
U072,U019,19.96,60,100,60.74,0
U072,U075,17.66,60,100,60.04,1
U072,U022,70.11,60,50,59.85,0
U073,U043,93.22,90,50,78.04,1
U073,U083,90.67,90,50,77.26,0
U073,U003,79.05,90,50,73.72,1
U073,U088,29.28,75,100,69.16,1
U073,U063,96.35,60,50,67.84,1
U073,U050,23.56,75,100,67.42,1
U073,U059,22.77,75,100,67.17,1
U073,U055,22.55,75,100,67.11,0
U073,U044,40.69,60,100,67.06,1
U073,U040,22.08,75,100,66.96,0
U073,U023,93.01,60,50,66.82,1
U073,U069,19.67,75,100,66.23,1
U073,U054,32.16,60,100,64.46,0
U073,U076,31.34,60,100,64.21,1
U073,U036,29.08,60,100,63.52,1
U073,U091,27.73,60,100,63.11,0
U073,U033,78.52,60,50,62.41,0
U073,U013,76.23,60,50,61.71,1
U073,U053,74.55,60,50,61.2,0
U073,U093,74.34,60,50,61.13,1
U074,U084,100.0,90,50,80.1,1
U074,U004,96.93,90,50,79.17,1
U074,U024,96.4,90,50,79.01,0
U074,U071,45.72,75,100,74.17,1
U074,U054,79.8,90,50,73.95,1
U074,U058,59.22,60,100,72.71,1
U074,U044,93.62,75,50,72.58,0
U074,U089,22.08,90,100,72.54,1
U074,U001,38.98,75,100,72.12,1
U074,U064,90.88,75,50,71.75,1
U074,U094,90.77,75,50,71.72,1
U074,U096,32.13,75,100,70.03,1
U074,U092,31.77,75,100,69.92,1
U074,U014,80.13,75,50,68.47,0
U074,U082,25.8,75,100,68.1,0
U074,U034,73.18,75,50,66.36,1
U074,U022,27.48,60,100,63.03,0
U074,U030,25.92,60,100,62.56,1
U074,U009,24.71,60,100,62.19,1
U074,U051,49.7,75,50,59.2,1
U075,U005,83.3,60,100,80.04,1
U075,U085,95.38,90,50,78.7,1
U075,U095,95.31,90,50,78.68,0
U075,U025,78.26,60,100,78.51,1
U075,U035,82.42,90,50,74.75,0
U075,U015,82.39,90,50,74.74,1
U075,U055,80.68,90,50,74.22,1
U075,U042,24.09,75,100,67.58,0
U075,U039,23.73,75,100,67.47,1
U075,U045,93.61,60,50,67.01,1
U075,U010,19.49,75,100,66.18,1
U075,U019,18.46,75,100,65.86,0
U075,U065,85.16,60,50,64.43,1
U075,U014,27.86,60,100,63.15,1
U075,U016,24.5,60,100,62.13,1
U075,U066,24.42,60,100,62.1,1
U075,U012,21.34,60,100,61.16,1
U075,U031,20.77,60,100,60.99,1
U075,U053,20.72,60,100,60.97,0
U075,U072,17.66,60,100,60.04,1
U076,U036,82.31,75,100,85.32,0
U076,U046,97.06,90,50,79.21,1
U076,U026,96.68,90,50,79.09,1
U076,U086,79.08,90,50,73.73,1
U076,U066,96.42,75,50,73.44,0
U076,U006,93.49,75,50,72.54,0
U076,U054,39.68,75,100,72.33,0
U076,U044,32.33,75,100,70.09,1
U076,U091,26.92,75,100,68.44,1
U076,U056,79.37,75,50,68.24,1
U076,U096,77.45,75,50,67.66,0
U076,U016,74.64,75,50,66.8,1
U076,U088,36.58,60,100,65.81,1
U076,U073,31.34,60,100,64.21,1
U076,U059,27.95,60,100,63.18,1
U076,U050,26.12,60,100,62.62,1
U076,U069,24.94,60,100,62.26,1
U076,U055,24.92,60,100,62.25,0
U076,U014,39.57,90,50,61.69,1
U076,U040,21.84,60,100,61.32,0
U077,U017,82.24,75,100,85.3,1
U077,U097,83.18,90,50,74.98,1
U077,U027,80.65,90,50,74.21,1
U077,U007,94.58,75,50,72.88,1
U077,U011,22.18,90,100,72.57,1
U077,U037,85.01,75,50,69.96,1
U077,U087,97.04,60,50,68.05,1
U077,U045,23.8,75,100,67.49,1
U077,U067,94.48,60,50,67.27,1
U077,U047,85.32,60,50,64.48,1
U077,U043,30.48,60,100,63.95,1
U077,U018,29.3,60,100,63.59,1
U077,U057,80.68,60,50,63.07,1
U077,U095,24.51,60,100,62.13,1
U077,U086,34.13,90,50,60.04,1
U077,U026,34.12,90,50,60.03,0
U077,U076,34.03,90,50,60.01,1
U077,U013,32.09,90,50,59.41,1
U077,U046,31.4,90,50,59.2,1
U077,U023,30.81,90,50,59.02,1
U078,U068,96.42,75,100,89.61,1
U078,U028,90.98,75,100,87.96,1
U078,U038,67.54,75,100,80.82,1
U078,U048,93.24,90,50,78.04,1
U078,U058,89.98,90,50,77.05,0
U078,U018,93.03,75,50,72.4,1
U078,U088,87.62,75,50,70.75,0
U078,U008,71.88,75,50,65.96,1
U078,U061,32.76,60,100,64.64,1
U078,U098,67.42,75,50,64.6,0
U078,U093,27.6,60,100,63.07,0
U078,U013,25.29,60,100,62.37,1
U078,U052,25.03,60,100,62.29,1
U078,U024,69.2,60,50,59.57,0
U078,U054,66.95,60,50,58.88,1
U078,U067,29.38,90,50,58.59,1
U078,U084,65.65,60,50,58.49,1
U078,U057,29.05,90,50,58.49,0
U078,U074,65.65,60,50,58.49,0
U078,U087,29.0,90,50,58.47,1
U079,U099,94.95,75,100,89.17,1
U079,U049,97.53,90,50,79.35,1
U079,U029,97.42,90,50,79.32,0
U079,U039,94.98,90,50,78.57,1
U079,U009,93.29,90,50,78.06,1
U079,U019,93.19,75,50,72.45,0
U079,U059,78.61,75,50,68.01,0
U079,U087,25.06,75,100,67.87,1
U079,U069,77.59,75,50,67.7,1
U079,U057,22.47,75,100,67.08,0
U079,U060,21.28,75,100,66.72,0
U079,U020,17.98,75,100,65.72,1
U079,U026,31.1,60,100,64.14,0
U079,U089,82.9,60,50,63.74,1
U079,U046,28.48,60,100,63.34,1
U079,U004,28.15,60,100,63.24,0
U079,U024,28.02,60,100,63.2,1
U079,U084,27.98,60,100,63.19,1
U079,U037,27.81,60,100,63.13,1
U079,U027,24.77,60,100,62.21,1
U080,U040,96.36,90,50,79.0,0
U080,U070,95.02,90,50,78.59,0
U080,U030,93.25,90,50,78.05,1
U080,U050,86.12,90,50,75.88,1
U080,U100,84.71,90,50,75.45,0
U080,U090,82.81,90,50,74.87,1
U080,U060,96.47,75,50,73.45,1
U080,U020,88.02,75,50,70.88,0
U080,U010,84.1,75,50,69.68,1
U080,U085,20.03,75,100,66.34,1
U080,U008,19.72,75,100,66.25,1
U080,U098,19.74,75,100,66.25,0
U080,U047,17.31,75,100,65.51,1
U080,U002,21.15,60,100,61.11,1
U080,U065,20.74,60,100,60.98,0
U080,U021,20.3,60,100,60.85,0
U080,U048,27.39,75,50,52.4,0
U080,U068,27.17,75,50,52.34,1
U080,U018,27.11,75,50,52.32,0
U080,U078,27.0,75,50,52.29,0
U081,U041,92.19,90,100,93.9,1
U081,U061,97.61,90,50,79.38,1
U081,U051,94.57,90,50,78.45,1
U081,U097,28.99,90,100,74.65,0
U081,U086,28.24,90,100,74.42,0
U081,U071,92.93,75,50,72.37,1
U081,U001,73.03,90,50,71.89,0
U081,U011,72.92,90,50,71.85,0
U081,U006,27.59,75,100,68.65,0
U081,U031,70.52,75,50,65.55,0
U081,U091,70.51,75,50,65.54,1
U081,U021,69.31,75,50,65.18,1
U081,U094,48.36,90,50,64.37,1
U081,U083,29.01,60,100,63.5,1
U081,U014,45.48,90,50,63.49,1
U081,U067,25.93,60,100,62.56,1
U081,U003,24.47,60,100,62.12,0
U081,U015,22.75,60,100,61.59,1
U081,U100,20.5,60,100,60.91,0
U081,U063,35.56,90,50,60.47,1
U082,U092,70.74,75,100,81.79,1
U082,U022,75.63,60,100,77.71,1
U082,U072,91.73,90,50,77.58,1
U082,U001,41.91,75,100,73.01,1
U082,U052,72.84,90,50,71.83,1
U082,U071,37.86,75,100,71.77,1
U082,U062,70.81,90,50,71.21,1
U082,U096,26.41,75,100,68.28,1
U082,U074,25.8,75,100,68.1,0
U082,U089,17.96,75,100,65.71,0
U082,U012,70.82,75,50,65.64,1
U082,U002,70.66,75,50,65.59,0
U082,U032,68.11,75,50,64.81,0
U082,U031,41.95,90,50,62.42,1
U082,U058,23.64,60,100,61.86,1
U082,U009,23.37,60,100,61.78,1
U082,U030,22.04,60,100,61.38,1
U082,U042,70.66,60,50,60.01,1
U082,U053,30.85,90,50,59.04,0
U082,U017,28.81,90,50,58.41,1
U083,U003,73.76,90,100,88.29,1
U083,U043,90.7,90,50,77.27,1
U083,U073,90.67,90,50,77.26,0
U083,U100,29.2,75,100,69.14,1
U083,U070,27.19,75,100,68.52,1
U083,U067,26.78,75,100,68.4,0
U083,U015,25.07,75,100,67.88,1
U083,U023,94.08,60,50,67.15,0
U083,U097,38.1,60,100,66.27,1
U083,U063,90.81,60,50,66.15,0
U083,U041,34.78,60,100,65.26,0
U083,U006,31.1,60,100,64.14,0
U083,U081,29.01,60,100,63.5,0
U083,U086,28.53,60,100,63.36,1
U083,U053,79.67,60,50,62.76,1
U083,U093,77.02,60,50,61.95,0
U083,U013,74.08,60,50,61.05,0
U083,U033,73.89,60,50,61.0,1
U083,U022,42.0,75,50,56.86,0
U083,U057,38.03,75,50,55.65,0
U084,U004,96.93,90,100,95.35,1
U084,U024,96.4,90,100,95.19,1
U084,U074,100.0,90,50,80.1,1
U084,U051,49.7,75,100,75.38,0
U084,U054,79.8,90,50,73.95,0
U084,U044,93.62,75,50,72.58,1
U084,U064,90.88,75,50,71.75,1
U084,U094,90.77,75,50,71.72,1
U084,U026,35.4,75,100,71.02,1
U084,U037,33.59,75,100,70.47,1
U084,U046,32.38,75,100,70.1,0
U084,U027,30.04,75,100,69.39,0
U084,U014,80.13,75,50,68.47,0
U084,U034,73.18,75,50,66.36,0
U084,U087,32.36,60,100,64.52,0
U084,U057,30.19,60,100,63.86,1
U084,U020,28.53,60,100,63.36,0
U084,U079,27.98,60,100,63.19,1
U084,U060,25.86,60,100,62.54,1
U084,U099,25.77,60,100,62.51,0
U085,U065,84.79,60,100,80.5,0
U085,U075,95.38,90,50,78.7,1
U085,U095,94.96,90,50,78.57,1
U085,U015,82.58,90,50,74.8,1
U085,U035,79.91,90,50,73.98,1
U085,U055,78.4,90,50,73.52,1
U085,U008,25.33,75,100,67.95,1
U085,U047,23.25,75,100,67.32,1
U085,U098,22.47,75,100,67.09,1
U085,U045,93.44,60,50,66.95,1
U085,U080,20.03,75,100,66.34,1
U085,U005,81.02,60,50,63.17,1
U085,U025,80.89,60,50,63.13,1
U085,U002,24.31,60,100,62.07,1
U085,U021,20.73,60,100,60.98,0
U085,U073,31.59,75,50,53.68,1
U085,U048,27.86,75,50,52.55,1
U085,U068,27.36,75,50,52.4,1
U085,U018,27.3,75,50,52.38,1
U085,U088,27.18,75,50,52.34,0
U086,U006,76.37,75,100,83.51,1
U086,U026,82.14,90,50,74.66,1
U086,U097,28.32,90,100,74.44,1
U086,U081,28.24,90,100,74.42,1
U086,U046,79.2,90,50,73.77,1
U086,U076,79.08,90,50,73.73,0
U086,U041,25.57,90,100,73.6,1
U086,U096,95.14,75,50,73.05,1
U086,U036,94.4,75,50,72.82,1
U086,U056,91.7,75,50,72.0,1
U086,U016,89.89,75,50,71.45,1
U086,U066,79.08,75,50,68.16,1
U086,U067,34.45,60,100,65.16,1
U086,U083,28.53,60,100,63.36,1
U086,U003,27.72,60,100,63.11,1
U086,U015,25.96,60,100,62.57,1
U086,U100,23.4,60,100,61.79,1
U086,U014,35.98,90,50,60.6,1
U086,U070,19.44,60,100,60.59,1
U086,U063,35.25,90,50,60.38,0
U087,U057,80.65,90,100,90.39,1
U087,U037,84.98,60,100,80.55,0
U087,U067,97.44,90,50,79.32,0
U087,U027,80.62,60,100,79.23,0
U087,U047,82.35,90,50,74.73,1
U087,U007,97.54,60,50,68.2,1
U087,U077,97.04,60,50,68.05,1
U087,U079,25.06,75,100,67.87,0
U087,U099,23.07,75,100,67.27,1
U087,U020,21.3,75,100,66.73,1
U087,U060,19.25,75,100,66.1,0
U087,U084,32.36,60,100,64.52,1
U087,U026,30.92,60,100,64.08,1
U087,U097,83.15,60,50,63.82,0
U087,U004,29.68,60,100,63.7,0
U087,U017,82.21,60,50,63.53,1
U087,U024,29.06,60,100,63.52,1
U087,U046,28.21,60,100,63.26,1
U087,U051,25.95,60,100,62.57,0
U087,U042,37.75,90,50,61.14,0
U088,U044,61.14,60,100,73.29,1
U088,U098,76.11,90,50,72.82,0
U088,U048,94.23,75,50,72.77,1
U088,U028,93.27,75,50,72.48,1
U088,U068,91.1,75,50,71.82,0
U088,U018,90.9,75,50,71.76,1
U088,U058,90.8,75,50,71.72,1
U088,U054,55.55,60,100,71.59,0
U088,U008,70.36,90,50,71.07,1
U088,U069,35.2,75,100,70.96,0
U088,U078,87.62,75,50,70.75,1
U088,U059,32.11,75,100,70.02,1
U088,U073,29.28,75,100,69.16,1
U088,U055,28.78,75,100,69.01,1
U088,U040,24.26,75,100,67.63,0
U088,U038,76.25,75,50,67.29,0
U088,U050,23.06,75,100,67.27,1
U088,U076,36.58,60,100,65.81,1
U088,U091,31.13,60,100,64.15,1
U088,U036,30.16,60,100,63.85,0
U089,U009,79.16,60,100,78.78,0
U089,U074,22.08,90,100,72.54,0
U089,U059,96.15,60,50,67.78,1
U089,U069,94.9,60,50,67.4,0
U089,U096,21.8,75,100,66.88,0
U089,U092,21.71,75,100,66.85,1
U089,U082,17.96,75,100,65.71,1
U089,U071,17.12,75,100,65.45,1
U089,U001,16.8,75,100,65.36,1
U089,U058,32.68,60,100,64.62,1
U089,U029,85.17,60,50,64.43,0
U089,U099,83.0,60,50,63.77,1
U089,U079,82.9,60,50,63.74,1
U089,U019,81.47,60,50,63.3,1
U089,U049,80.74,60,50,63.08,1
U089,U039,78.53,60,50,62.41,1
U089,U022,23.91,60,100,61.95,1
U089,U030,18.38,60,100,60.26,1
U089,U054,25.44,90,50,57.39,1
U089,U004,22.23,90,50,56.41,0
U090,U100,97.97,90,50,79.48,1
U090,U050,94.05,90,50,78.29,1
U090,U030,88.3,90,50,76.54,1
U090,U070,86.46,90,50,75.98,0
U090,U040,84.58,90,50,75.41,1
U090,U080,82.81,90,50,74.87,0
U090,U010,96.2,75,50,73.37,1
U090,U020,91.96,75,50,72.08,0
U090,U060,84.54,75,50,69.82,1
U090,U048,20.42,75,100,66.46,0
U090,U063,23.28,60,100,61.75,1
U090,U032,22.58,60,100,61.54,1
U090,U062,22.52,60,100,61.52,0
U090,U055,31.32,75,50,53.6,1
U090,U083,29.23,75,50,52.96,1
U090,U028,28.96,75,50,52.88,0
U090,U022,28.42,75,50,52.72,1
U090,U038,26.9,75,50,52.25,0
U090,U088,26.45,75,50,52.12,1
U090,U057,26.34,75,50,52.08,1
U091,U021,95.68,90,50,78.79,0
U091,U044,39.03,90,100,77.71,1
U091,U011,97.6,75,50,73.8,0
U091,U001,97.52,75,50,73.77,1
U091,U031,95.14,75,50,73.05,1
U091,U054,36.11,75,100,71.24,0
U091,U071,66.45,90,50,69.88,0
U091,U076,26.92,75,100,68.44,0
U091,U036,24.98,75,100,67.85,1
U091,U002,54.28,90,50,66.17,0
U091,U051,70.52,75,50,65.55,1
U091,U081,70.51,75,50,65.54,1
U091,U041,70.46,75,50,65.53,1
U091,U061,70.45,75,50,65.52,1
U091,U012,51.56,90,50,65.35,1
U091,U092,51.51,90,50,65.33,1
U091,U032,48.6,90,50,64.44,0
U091,U088,31.13,60,100,64.15,1
U091,U073,27.73,60,100,63.11,0
U091,U034,39.04,90,50,61.53,0
U092,U022,90.85,60,100,82.34,1
U092,U082,70.74,75,100,81.79,1
U092,U002,96.84,90,50,79.14,1
U092,U071,42.42,90,100,78.74,1
U092,U032,93.75,90,50,78.2,1
U092,U012,93.51,90,50,78.13,1
U092,U096,33.64,90,100,76.06,0
U092,U001,51.61,75,100,75.96,1
U092,U052,94.28,75,50,72.78,1
U092,U062,90.02,75,50,71.49,0
U092,U074,31.77,75,100,69.92,0
U092,U042,93.29,60,50,66.91,0
U092,U089,21.71,75,100,66.85,0
U092,U072,74.62,75,50,66.8,0
U092,U091,51.51,90,50,65.33,1
U092,U058,32.1,60,100,64.44,1
U092,U021,47.6,90,50,64.14,1
U092,U030,23.33,60,100,61.77,1
U092,U009,21.67,60,100,61.26,1
U092,U056,37.91,90,50,61.19,0
U093,U013,90.72,90,100,93.45,1
U093,U063,77.39,90,50,73.22,1
U093,U061,24.04,90,100,73.14,1
U093,U053,95.43,75,50,73.13,1
U093,U033,93.1,75,50,72.43,1
U093,U023,74.61,90,50,72.37,1
U093,U052,37.13,75,100,71.55,0
U093,U003,93.29,60,50,66.91,1
U093,U028,28.64,60,100,63.39,1
U093,U078,27.6,60,100,63.07,1
U093,U038,26.6,60,100,62.77,1
U093,U068,24.65,60,100,62.17,1
U093,U083,77.02,60,50,61.95,1
U093,U043,74.78,60,50,61.27,1
U093,U073,74.34,60,50,61.13,1
U093,U094,36.15,90,50,60.65,1
U093,U097,34.76,90,50,60.23,1
U093,U027,34.76,90,50,60.23,1
U093,U014,29.82,90,50,58.72,1
U093,U077,28.65,90,50,58.36,0
U094,U064,96.84,75,100,89.74,1
U094,U034,74.72,75,100,83.01,1
U094,U023,36.28,90,100,76.87,1
U094,U014,77.87,90,50,73.36,0
U094,U024,94.27,75,50,72.78,0
U094,U044,91.02,75,50,71.79,1
U094,U084,90.77,75,50,71.72,1
U094,U074,90.77,75,50,71.72,1
U094,U004,87.78,75,50,70.81,1
U094,U056,29.25,75,100,69.15,1
U094,U033,26.7,75,100,68.37,1
U094,U054,78.08,75,50,67.85,0
U094,U007,22.91,75,100,67.22,0
U094,U081,48.36,90,50,64.37,1
U094,U061,45.77,90,50,63.58,1
U094,U051,45.27,90,50,63.43,1
U094,U049,27.48,60,100,63.04,0
U094,U041,42.69,90,50,62.64,1
U094,U035,25.16,60,100,62.33,1
U094,U029,24.55,60,100,62.14,1
U095,U045,93.56,60,100,83.17,1
U095,U075,95.31,90,50,78.68,1
U095,U085,94.96,90,50,78.57,1
U095,U035,85.15,90,50,75.58,1
U095,U015,82.48,90,50,74.77,1
U095,U055,81.09,90,50,74.34,0
U095,U043,28.91,75,100,69.05,1
U095,U018,27.25,75,100,68.54,1
U095,U065,84.7,60,50,64.29,0
U095,U025,80.93,60,50,63.14,1
U095,U017,25.52,60,100,62.44,0
U095,U005,78.48,60,50,62.39,1
U095,U077,24.51,60,100,62.13,1
U095,U011,23.06,60,100,61.69,0
U095,U073,28.49,75,50,52.74,0
U095,U083,28.27,75,50,52.67,1
U095,U078,27.19,75,50,52.35,1
U095,U042,27.06,75,50,52.31,0
U095,U047,26.01,75,50,51.98,1
U095,U057,25.34,75,50,51.78,0
U096,U056,89.81,90,50,77.0,1
U096,U092,33.64,90,100,76.06,0
U096,U071,28.75,90,100,74.57,0
U096,U086,95.14,75,50,73.05,1
U096,U016,94.83,75,50,72.95,1
U096,U036,92.45,75,50,72.23,1
U096,U074,32.13,75,100,70.03,1
U096,U026,80.44,75,50,68.57,1
U096,U082,26.41,75,100,68.28,0
U096,U046,77.56,75,50,67.69,1
U096,U076,77.45,75,50,67.66,0
U096,U066,77.45,75,50,67.66,0
U096,U022,40.18,60,100,66.9,1
U096,U089,21.8,75,100,66.88,1
U096,U001,21.72,75,100,66.86,1
U096,U006,74.79,75,50,66.85,1
U096,U058,29.89,60,100,63.77,1
U096,U009,28.48,60,100,63.34,1
U096,U064,41.63,90,50,62.32,1
U096,U030,24.41,60,100,62.1,1
U097,U027,97.5,90,50,79.34,0
U097,U067,80.65,60,100,79.23,1
U097,U077,83.18,90,50,74.98,1
U097,U081,28.99,90,100,74.65,1
U097,U086,28.32,90,100,74.44,1
U097,U041,24.09,90,100,73.16,0
U097,U037,95.3,75,50,73.09,1
U097,U017,92.53,75,50,72.25,0
U097,U006,30.65,75,100,69.58,1
U097,U007,80.73,75,50,68.66,0
U097,U057,97.49,60,50,68.19,0
U097,U047,92.67,60,50,66.72,1
U097,U083,38.1,60,100,66.27,1
U097,U087,83.15,60,50,63.82,1
U097,U003,26.54,60,100,62.75,1
U097,U100,24.15,60,100,62.02,1
U097,U070,22.23,60,100,61.44,1
U097,U094,36.74,90,50,60.83,0
U097,U015,20.18,60,100,60.81,1
U097,U093,34.76,90,50,60.23,1
U098,U008,89.27,90,100,93.01,0
U098,U088,76.11,90,50,72.82,1
U098,U038,94.19,75,50,72.76,1
U098,U047,24.29,75,100,67.64,0
U098,U028,76.25,75,50,67.29,1
U098,U085,22.47,75,100,67.09,1
U098,U018,73.78,75,50,66.54,1
U098,U058,73.7,75,50,66.51,1
U098,U080,19.74,75,100,66.25,1
U098,U068,70.68,75,50,65.59,1
U098,U048,70.32,75,50,65.48,1
U098,U078,67.42,75,50,64.6,1
U098,U021,32.11,60,100,64.44,1
U098,U002,26.24,60,100,62.66,1
U098,U065,20.55,60,100,60.92,1
U098,U009,31.12,90,50,59.12,0
U098,U029,27.92,90,50,58.14,1
U098,U039,27.78,90,50,58.1,1
U098,U079,25.07,90,50,57.28,0
U098,U049,25.05,90,50,57.27,0
U099,U079,94.95,75,100,89.17,1
U099,U019,93.3,90,50,78.06,1
U099,U059,83.07,90,50,74.94,1
U099,U069,79.6,90,50,73.89,1
U099,U029,97.52,75,50,73.77,0
U099,U039,94.92,75,50,72.98,1
U099,U020,22.99,90,100,72.82,1
U099,U060,21.51,90,100,72.37,1
U099,U049,92.49,75,50,72.24,1
U099,U009,90.68,75,50,71.69,1
U099,U087,23.07,75,100,67.27,1
U099,U057,19.93,75,100,66.31,1
U099,U046,31.48,60,100,64.25,1
U099,U089,83.0,60,50,63.77,1
U099,U004,28.48,60,100,63.34,1
U099,U026,28.45,60,100,63.33,0
U099,U084,25.77,60,100,62.51,1
U099,U037,22.89,60,100,61.64,1
U099,U051,22.66,60,100,61.57,1
U099,U024,22.59,60,100,61.55,0
U100,U070,88.34,90,100,92.73,1
U100,U090,97.97,90,50,79.48,1
U100,U050,93.97,90,50,78.27,1
U100,U030,88.23,90,50,76.52,1
U100,U080,84.71,90,50,75.45,0
U100,U040,84.66,90,50,75.43,0
U100,U010,94.13,75,50,72.74,1
U100,U020,94.03,75,50,72.71,0
U100,U060,82.65,75,50,69.24,1
U100,U083,29.2,75,100,69.14,0
U100,U015,28.38,75,100,68.88,0
U100,U003,22.13,75,100,66.98,1
U100,U067,20.77,75,100,66.57,1
U100,U097,24.15,60,100,62.02,1
U100,U086,23.4,60,100,61.79,0
U100,U081,20.5,60,100,60.91,1
U100,U041,20.25,60,100,60.83,1
U100,U006,20.08,60,100,60.78,1
U100,U055,29.17,75,50,52.95,1
U100,U022,28.39,75,50,52.71,1
