user_id,name,age,gender,city,profession,industry,experience,education,preferred_work_mode,skills,career_goal,mbti,interests,languages,professional_summary,about_me
U001,Aarav Verma,25,Male,Mumbai,Data Scientist,AI,0,M.Tech,Remote,"TensorFlow, Python, Pandas, SQL",AI Research Scientist,ISTJ,"Reading, Fitness, Travel","English, Tamil","Data Scientist with 0 years of experience in the AI industry. Skilled in TensorFlow, Python, Pandas, SQL. Passionate about delivering impactful solutions and aiming to become a AI Research Scientist.","I enjoy collaborative work, continuous learning, and solving practical problems. I value professionalism, curiosity, and teamwork. Outside work I enjoy reading, fitness, travel."
U002,Aditya Mehta,35,Male,Bengaluru,ML Engineer,AI,11,BCA,Remote,"TensorFlow, PyTorch, Python, Docker",AI Architect,INTJ,"Travel, Photography, Reading","English, Marathi","ML Engineer with 11 years of experience in the AI industry. Skilled in TensorFlow, PyTorch, Python, Docker. Passionate about delivering impactful solutions and aiming to become a AI Architect.","I enjoy collaborative work, continuous learning, and solving practical problems. I value professionalism, curiosity, and teamwork. Outside work I enjoy travel, photography, reading."
U003,Akash Das,33,Male,Ahmedabad,Software Engineer,IT,12,M.Tech,On-site,"APIs, Java, Python, Git",Senior Software Engineer,ENTP,"Travel, Reading, Music","English, Kannada","Software Engineer with 12 years of experience in the IT industry. Skilled in APIs, Java, Python, Git. Passionate about delivering impactful solutions and aiming to become a Senior Software Engineer.","I enjoy collaborative work, continuous learning, and solving practical problems. I value professionalism, curiosity, and teamwork. Outside work I enjoy travel, reading, music."
U004,Karan Khan,31,Male,Delhi,Data Analyst,Analytics,6,BCA,On-site,"Excel, Python, Power BI, SQL",Business Intelligence Lead,ISFJ,"Travel, Fitness, Music","English, Kannada","Data Analyst with 6 years of experience in the Analytics industry. Skilled in Excel, Python, Power BI, SQL. Passionate about delivering impactful solutions and aiming to become a Business Intelligence Lead.","I enjoy collaborative work, continuous learning, and solving practical problems. I value professionalism, curiosity, and teamwork. Outside work I enjoy travel, fitness, music."
U005,Karan Singh,29,Male,Jaipur,UI/UX Designer,Design,5,MCA,Hybrid,"Figma, Prototyping, Wireframing, Adobe XD",UX Strategist,INFP,"Travel, Open Source, Fitness","English, Marathi","UI/UX Designer with 5 years of experience in the Design industry. Skilled in Figma, Prototyping, Wireframing, Adobe XD. Passionate about delivering impactful solutions and aiming to become a UX Strategist.","I enjoy collaborative work, continuous learning, and solving practical problems. I value professionalism, curiosity, and teamwork. Outside work I enjoy travel, open source, fitness."
U006,Priya Yadav,28,Female,Ahmedabad,Cybersecurity Analyst,Security,6,MCA,Hybrid,"Networking, SIEM, Linux, Python",SOC Manager,ISTP,"Photography, Travel, Fitness","English, Telugu","Cybersecurity Analyst with 6 years of experience in the Security industry. Skilled in Networking, SIEM, Linux, Python. Passionate about delivering impactful solutions and aiming to become a SOC Manager.","I enjoy collaborative work, continuous learning, and solving practical problems. I value professionalism, curiosity, and teamwork. Outside work I enjoy photography, travel, fitness."
U007,Pooja Reddy,24,Female,Kolkata,DevOps Engineer,Cloud,0,B.Tech,On-site,"Linux, Docker, Kubernetes, AWS",Cloud Architect,INTP,"Travel, Music, Fitness","English, Marathi","DevOps Engineer with 0 years of experience in the Cloud industry. Skilled in Linux, Docker, Kubernetes, AWS. Passionate about delivering impactful solutions and aiming to become a Cloud Architect.","I enjoy collaborative work, continuous learning, and solving practical problems. I value professionalism, curiosity, and teamwork. Outside work I enjoy travel, music, fitness."
U008,Rohan Singh,32,Male,Bengaluru,Business Analyst,Finance,7,M.Tech,Remote,"Excel, Power BI, SQL, Communication",Strategy Consultant,ESFJ,"Music, Mentoring, Travel","English, Tamil","Business Analyst with 7 years of experience in the Finance industry. Skilled in Excel, Power BI, SQL, Communication. Passionate about delivering impactful solutions and aiming to become a Strategy Consultant.","I enjoy collaborative work, continuous learning, and solving practical problems. I value professionalism, curiosity, and teamwork. Outside work I enjoy music, mentoring, travel."
U009,Sai Gupta,38,Male,Mumbai,HR Manager,HR,13,B.Tech,On-site,"Communication, Recruitment, HRMS, Leadership",Talent Head,ESFJ,"Open Source, Mentoring, Reading","English, Tamil","HR Manager with 13 years of experience in the HR industry. Skilled in Communication, Recruitment, HRMS, Leadership. Passionate about delivering impactful solutions and aiming to become a Talent Head.","I enjoy collaborative work, continuous learning, and solving practical problems. I value professionalism, curiosity, and teamwork. Outside work I enjoy open source, mentoring, reading."
U010,Rahul Kulkarni,26,Male,Jaipur,Digital Marketing Specialist,Marketing,2,MCA,On-site,"Google Ads, Analytics, SEO, Content",Brand Strategist,ENFJ,"Music, Photography, Fitness","English, Telugu","Digital Marketing Specialist with 2 years of experience in the Marketing industry. Skilled in Google Ads, Analytics, SEO, Content. Passionate about delivering impactful solutions and aiming to become a Brand Strategist.","I enjoy collaborative work, continuous learning, and solving practical problems. I value professionalism, curiosity, and teamwork. Outside work I enjoy music, photography, fitness."
U011,Karan Patel,25,Male,Kochi,Data Scientist,AI,1,M.Tech,Remote,"SQL, Python, Pandas, TensorFlow",AI Research Scientist,ISTJ,"Reading, Mentoring, Chess","English, Hindi","Data Scientist with 1 years of experience in the AI industry. Skilled in SQL, Python, Pandas, TensorFlow. Passionate about delivering impactful solutions and aiming to become a AI Research Scientist.","I enjoy collaborative work, continuous learning, and solving practical problems. I value professionalism, curiosity, and teamwork. Outside work I enjoy reading, mentoring, chess."
U012,Aarav Iyer,38,Male,Jaipur,ML Engineer,AI,14,B.Tech,Remote,"PyTorch, Docker, TensorFlow, Python",AI Architect,INTJ,"Mentoring, Chess, Photography","English, Telugu","ML Engineer with 14 years of experience in the AI industry. Skilled in PyTorch, Docker, TensorFlow, Python. Passionate about delivering impactful solutions and aiming to become a AI Architect.","I enjoy collaborative work, continuous learning, and solving practical problems. I value professionalism, curiosity, and teamwork. Outside work I enjoy mentoring, chess, photography."
U013,Vihaan Sharma,36,Male,Chennai,Software Engineer,IT,11,MCA,Remote,"Python, Java, APIs, Git",Senior Software Engineer,ISTJ,"Fitness, Photography, Travel","English, Hindi","Software Engineer with 11 years of experience in the IT industry. Skilled in Python, Java, APIs, Git. Passionate about delivering impactful solutions and aiming to become a Senior Software Engineer.","I enjoy collaborative work, continuous learning, and solving practical problems. I value professionalism, curiosity, and teamwork. Outside work I enjoy fitness, photography, travel."
U014,Meera Sharma,36,Female,Jaipur,Data Analyst,Analytics,15,MCA,Remote,"Excel, SQL, Python, Power BI",Analytics Manager,ISTJ,"Mentoring, Reading, Travel","English, Telugu","Data Analyst with 15 years of experience in the Analytics industry. Skilled in Excel, SQL, Python, Power BI. Passionate about delivering impactful solutions and aiming to become a Analytics Manager.","I enjoy collaborative work, continuous learning, and solving practical problems. I value professionalism, curiosity, and teamwork. Outside work I enjoy mentoring, reading, travel."
U015,Ananya Yadav,22,Female,Ahmedabad,UI/UX Designer,Design,1,M.Tech,Remote,"Prototyping, Figma, Wireframing, Adobe XD",UX Strategist,ENFP,"Reading, Music, Chess","English, Hindi","UI/UX Designer with 1 years of experience in the Design industry. Skilled in Prototyping, Figma, Wireframing, Adobe XD. Passionate about delivering impactful solutions and aiming to become a UX Strategist.","I enjoy collaborative work, continuous learning, and solving practical problems. I value professionalism, curiosity, and teamwork. Outside work I enjoy reading, music, chess."
U016,Pooja Kulkarni,23,Female,Jaipur,Cybersecurity Analyst,Security,2,M.Tech,Hybrid,"SIEM, Linux, Python, Networking",Security Architect,ISTP,"Travel, Fitness, Open Source","English, Tamil","Cybersecurity Analyst with 2 years of experience in the Security industry. Skilled in SIEM, Linux, Python, Networking. Passionate about delivering impactful solutions and aiming to become a Security Architect.","I enjoy collaborative work, continuous learning, and solving practical problems. I value professionalism, curiosity, and teamwork. Outside work I enjoy travel, fitness, open source."
U017,Priya Singh,23,Female,Kochi,DevOps Engineer,Cloud,2,BCA,Hybrid,"Kubernetes, AWS, Docker, Linux",DevOps Lead,INTP,"Chess, Music, Mentoring","English, Marathi","DevOps Engineer with 2 years of experience in the Cloud industry. Skilled in Kubernetes, AWS, Docker, Linux. Passionate about delivering impactful solutions and aiming to become a DevOps Lead.","I enjoy collaborative work, continuous learning, and solving practical problems. I value professionalism, curiosity, and teamwork. Outside work I enjoy chess, music, mentoring."
U018,Aditya Sharma,36,Male,Kochi,Business Analyst,Finance,13,BCA,Remote,"Excel, Power BI, Communication, SQL",Product Manager,ENFJ,"Photography, Chess, Mentoring","English, Kannada","Business Analyst with 13 years of experience in the Finance industry. Skilled in Excel, Power BI, Communication, SQL. Passionate about delivering impactful solutions and aiming to become a Product Manager.","I enjoy collaborative work, continuous learning, and solving practical problems. I value professionalism, curiosity, and teamwork. Outside work I enjoy photography, chess, mentoring."
U019,Diya Mehta,36,Female,Jaipur,HR Manager,HR,15,B.Tech,On-site,"Recruitment, Leadership, Communication, HRMS",Talent Head,ENFJ,"Chess, Open Source, Mentoring","English, Tamil","HR Manager with 15 years of experience in the HR industry. Skilled in Recruitment, Leadership, Communication, HRMS. Passionate about delivering impactful solutions and aiming to become a Talent Head.","I enjoy collaborative work, continuous learning, and solving practical problems. I value professionalism, curiosity, and teamwork. Outside work I enjoy chess, open source, mentoring."
U020,Ananya Iyer,28,Female,Delhi,Digital Marketing Specialist,Marketing,5,BCA,Remote,"Analytics, SEO, Content, Google Ads",Brand Strategist,ENFJ,"Reading, Chess, Travel","English, Marathi","Digital Marketing Specialist with 5 years of experience in the Marketing industry. Skilled in Analytics, SEO, Content, Google Ads. Passionate about delivering impactful solutions and aiming to become a Brand Strategist.","I enjoy collaborative work, continuous learning, and solving practical problems. I value professionalism, curiosity, and teamwork. Outside work I enjoy reading, chess, travel."
U021,Akash Rao,27,Male,Bengaluru,Data Scientist,AI,5,M.Tech,Hybrid,"SQL, Pandas, Python, TensorFlow",AI Research Scientist,INTJ,"Chess, Reading, Open Source","English, Marathi","Data Scientist with 5 years of experience in the AI industry. Skilled in SQL, Pandas, Python, TensorFlow. Passionate about delivering impactful solutions and aiming to become a AI Research Scientist.","I enjoy collaborative work, continuous learning, and solving practical problems. I value professionalism, curiosity, and teamwork. Outside work I enjoy chess, reading, open source."
U022,Rohan Iyer,23,Male,Mumbai,ML Engineer,AI,1,MCA,Remote,"PyTorch, Python, TensorFlow, Docker",AI Architect,ENTJ,"Chess, Music, Open Source","English, Telugu","ML Engineer with 1 years of experience in the AI industry. Skilled in PyTorch, Python, TensorFlow, Docker. Passionate about delivering impactful solutions and aiming to become a AI Architect.","I enjoy collaborative work, continuous learning, and solving practical problems. I value professionalism, curiosity, and teamwork. Outside work I enjoy chess, music, open source."
U023,Meera Das,29,Female,Kolkata,Software Engineer,IT,6,BCA,Remote,"Python, Java, APIs, Git",Tech Lead,ISTJ,"Photography, Reading, Music","English, Kannada","Software Engineer with 6 years of experience in the IT industry. Skilled in Python, Java, APIs, Git. Passionate about delivering impactful solutions and aiming to become a Tech Lead.","I enjoy collaborative work, continuous learning, and solving practical problems. I value professionalism, curiosity, and teamwork. Outside work I enjoy photography, reading, music."
U024,Aditya Khan,34,Male,Delhi,Data Analyst,Analytics,11,M.Tech,On-site,"Power BI, SQL, Python, Excel",Business Intelligence Lead,ISFJ,"Fitness, Reading, Mentoring","English, Tamil","Data Analyst with 11 years of experience in the Analytics industry. Skilled in Power BI, SQL, Python, Excel. Passionate about delivering impactful solutions and aiming to become a Business Intelligence Lead.","I enjoy collaborative work, continuous learning, and solving practical problems. I value professionalism, curiosity, and teamwork. Outside work I enjoy fitness, reading, mentoring."
U025,Aisha Singh,35,Female,Jaipur,UI/UX Designer,Design,12,B.Tech,On-site,"Adobe XD, Prototyping, Figma, Wireframing",UX Strategist,INFP,"Photography, Chess, Open Source","English, Hindi","UI/UX Designer with 12 years of experience in the Design industry. Skilled in Adobe XD, Prototyping, Figma, Wireframing. Passionate about delivering impactful solutions and aiming to become a UX Strategist.","I enjoy collaborative work, continuous learning, and solving practical problems. I value professionalism, curiosity, and teamwork. Outside work I enjoy photography, chess, open source."
U026,Aisha Iyer,32,Female,Delhi,Cybersecurity Analyst,Security,11,M.Tech,Remote,"Linux, Networking, Python, SIEM",SOC Manager,ISTJ,"Mentoring, Music, Photography","English, Kannada","Cybersecurity Analyst with 11 years of experience in the Security industry. Skilled in Linux, Networking, Python, SIEM. Passionate about delivering impactful solutions and aiming to become a SOC Manager.","I enjoy collaborative work, continuous learning, and solving practical problems. I value professionalism, curiosity, and teamwork. Outside work I enjoy mentoring, music, photography."
U027,Akash Khan,31,Male,Delhi,DevOps Engineer,Cloud,9,M.Tech,On-site,"Kubernetes, Docker, Linux, AWS",DevOps Lead,ISTJ,"Open Source, Mentoring, Music","English, Kannada","DevOps Engineer with 9 years of experience in the Cloud industry. Skilled in Kubernetes, Docker, Linux, AWS. Passionate about delivering impactful solutions and aiming to become a DevOps Lead.","I enjoy collaborative work, continuous learning, and solving practical problems. I value professionalism, curiosity, and teamwork. Outside work I enjoy open source, mentoring, music."
U028,Sneha Iyer,24,Female,Chennai,Business Analyst,Finance,2,B.Tech,Remote,"Power BI, SQL, Communication, Excel",Product Manager,ENFJ,"Photography, Open Source, Fitness","English, Hindi","Business Analyst with 2 years of experience in the Finance industry. Skilled in Power BI, SQL, Communication, Excel. Passionate about delivering impactful solutions and aiming to become a Product Manager.","I enjoy collaborative work, continuous learning, and solving practical problems. I value professionalism, curiosity, and teamwork. Outside work I enjoy photography, open source, fitness."
U029,Neha Verma,36,Female,Kolkata,HR Manager,HR,14,MCA,Remote,"Communication, Recruitment, HRMS, Leadership",Talent Head,ESFJ,"Chess, Mentoring, Music","English, Tamil","HR Manager with 14 years of experience in the HR industry. Skilled in Communication, Recruitment, HRMS, Leadership. Passionate about delivering impactful solutions and aiming to become a Talent Head.","I enjoy collaborative work, continuous learning, and solving practical problems. I value professionalism, curiosity, and teamwork. Outside work I enjoy chess, mentoring, music."
U030,Diya Verma,36,Female,Mumbai,Digital Marketing Specialist,Marketing,11,MCA,On-site,"Content, Analytics, Google Ads, SEO",Marketing Manager,ESFP,"Open Source, Travel, Music","English, Telugu","Digital Marketing Specialist with 11 years of experience in the Marketing industry. Skilled in Content, Analytics, Google Ads, SEO. Passionate about delivering impactful solutions and aiming to become a Marketing Manager.","I enjoy collaborative work, continuous learning, and solving practical problems. I value professionalism, curiosity, and teamwork. Outside work I enjoy open source, travel, music."
U031,Ishita Khan,36,Female,Jaipur,Data Scientist,AI,13,M.Tech,Hybrid,"Pandas, SQL, Python, TensorFlow",AI Research Scientist,INTP,"Music, Chess, Fitness","English, Hindi","Data Scientist with 13 years of experience in the AI industry. Skilled in Pandas, SQL, Python, TensorFlow. Passionate about delivering impactful solutions and aiming to become a AI Research Scientist.","I enjoy collaborative work, continuous learning, and solving practical problems. I value professionalism, curiosity, and teamwork. Outside work I enjoy music, chess, fitness."
U032,Meera Singh,26,Female,Pune,ML Engineer,AI,2,B.Tech,Remote,"Docker, PyTorch, TensorFlow, Python",AI Architect,INTJ,"Mentoring, Photography, Fitness","English, Hindi","ML Engineer with 2 years of experience in the AI industry. Skilled in Docker, PyTorch, TensorFlow, Python. Passionate about delivering impactful solutions and aiming to become a AI Architect.","I enjoy collaborative work, continuous learning, and solving practical problems. I value professionalism, curiosity, and teamwork. Outside work I enjoy mentoring, photography, fitness."
U033,Aarav Gupta,34,Male,Kolkata,Software Engineer,IT,12,MCA,Remote,"APIs, Java, Python, Git",Senior Software Engineer,INTP,"Mentoring, Chess, Music","English, Telugu","Software Engineer with 12 years of experience in the IT industry. Skilled in APIs, Java, Python, Git. Passionate about delivering impactful solutions and aiming to become a Senior Software Engineer.","I enjoy collaborative work, continuous learning, and solving practical problems. I value professionalism, curiosity, and teamwork. Outside work I enjoy mentoring, chess, music."
U034,Arjun Mehta,27,Male,Kolkata,Data Analyst,Analytics,5,MCA,Remote,"SQL, Power BI, Excel, Python",Analytics Manager,INTJ,"Reading, Chess, Photography","English, Marathi","Data Analyst with 5 years of experience in the Analytics industry. Skilled in SQL, Power BI, Excel, Python. Passionate about delivering impactful solutions and aiming to become a Analytics Manager.","I enjoy collaborative work, continuous learning, and solving practical problems. I value professionalism, curiosity, and teamwork. Outside work I enjoy reading, chess, photography."
U035,Aisha Gupta,28,Female,Kolkata,UI/UX Designer,Design,6,B.Tech,Hybrid,"Wireframing, Figma, Adobe XD, Prototyping",UX Strategist,ENFP,"Photography, Music, Reading","English, Hindi","UI/UX Designer with 6 years of experience in the Design industry. Skilled in Wireframing, Figma, Adobe XD, Prototyping. Passionate about delivering impactful solutions and aiming to become a UX Strategist.","I enjoy collaborative work, continuous learning, and solving practical problems. I value professionalism, curiosity, and teamwork. Outside work I enjoy photography, music, reading."
U036,Rohan Khan,22,Male,Hyderabad,Cybersecurity Analyst,Security,0,MCA,On-site,"Linux, Python, SIEM, Networking",Security Architect,ISTP,"Fitness, Mentoring, Chess","English, Kannada","Cybersecurity Analyst with 0 years of experience in the Security industry. Skilled in Linux, Python, SIEM, Networking. Passionate about delivering impactful solutions and aiming to become a Security Architect.","I enjoy collaborative work, continuous learning, and solving practical problems. I value professionalism, curiosity, and teamwork. Outside work I enjoy fitness, mentoring, chess."
U037,Diya Patel,25,Female,Delhi,DevOps Engineer,Cloud,1,M.Tech,Remote,"Linux, Kubernetes, AWS, Docker",DevOps Lead,INTP,"Fitness, Mentoring, Music","English, Tamil","DevOps Engineer with 1 years of experience in the Cloud industry. Skilled in Linux, Kubernetes, AWS, Docker. Passionate about delivering impactful solutions and aiming to become a DevOps Lead.","I enjoy collaborative work, continuous learning, and solving practical problems. I value professionalism, curiosity, and teamwork. Outside work I enjoy fitness, mentoring, music."
U038,Vivaan Gupta,25,Male,Chennai,Business Analyst,Finance,4,MCA,Hybrid,"SQL, Excel, Power BI, Communication",Strategy Consultant,ENFJ,"Open Source, Music, Travel","English, Telugu","Business Analyst with 4 years of experience in the Finance industry. Skilled in SQL, Excel, Power BI, Communication. Passionate about delivering impactful solutions and aiming to become a Strategy Consultant.","I enjoy collaborative work, continuous learning, and solving practical problems. I value professionalism, curiosity, and teamwork. Outside work I enjoy open source, music, travel."
U039,Ananya Mehta,27,Female,Jaipur,HR Manager,HR,6,M.Tech,Remote,"Leadership, HRMS, Communication, Recruitment",Talent Head,ESFJ,"Fitness, Photography, Travel","English, Telugu","HR Manager with 6 years of experience in the HR industry. Skilled in Leadership, HRMS, Communication, Recruitment. Passionate about delivering impactful solutions and aiming to become a Talent Head.","I enjoy collaborative work, continuous learning, and solving practical problems. I value professionalism, curiosity, and teamwork. Outside work I enjoy fitness, photography, travel."
U040,Ishita Joshi,34,Female,Hyderabad,Digital Marketing Specialist,Marketing,11,BCA,On-site,"Analytics, Google Ads, Content, SEO",Marketing Manager,ESFP,"Reading, Fitness, Travel","English, Hindi","Digital Marketing Specialist with 11 years of experience in the Marketing industry. Skilled in Analytics, Google Ads, Content, SEO. Passionate about delivering impactful solutions and aiming to become a Marketing Manager.","I enjoy collaborative work, continuous learning, and solving practical problems. I value professionalism, curiosity, and teamwork. Outside work I enjoy reading, fitness, travel."
U041,Meera Kulkarni,29,Female,Ahmedabad,Data Scientist,AI,7,M.Tech,Hybrid,"TensorFlow, Python, Pandas, SQL",Lead Data Science Team,ISTJ,"Photography, Chess, Music","English, Tamil","Data Scientist with 7 years of experience in the AI industry. Skilled in TensorFlow, Python, Pandas, SQL. Passionate about delivering impactful solutions and aiming to become a Lead Data Science Team.","I enjoy collaborative work, continuous learning, and solving practical problems. I value professionalism, curiosity, and teamwork. Outside work I enjoy photography, chess, music."
U042,Akash Kulkarni,33,Male,Jaipur,ML Engineer,AI,11,M.Tech,Remote,"Docker, PyTorch, TensorFlow, Python",AI Architect,ENTJ,"Photography, Chess, Reading","English, Tamil","ML Engineer with 11 years of experience in the AI industry. Skilled in Docker, PyTorch, TensorFlow, Python. Passionate about delivering impactful solutions and aiming to become a AI Architect.","I enjoy collaborative work, continuous learning, and solving practical problems. I value professionalism, curiosity, and teamwork. Outside work I enjoy photography, chess, reading."
U043,Rohan Rao,27,Male,Kochi,Software Engineer,IT,3,BCA,Remote,"Java, APIs, Python, Git",Tech Lead,ENTP,"Fitness, Reading, Music","English, Tamil","Software Engineer with 3 years of experience in the IT industry. Skilled in Java, APIs, Python, Git. Passionate about delivering impactful solutions and aiming to become a Tech Lead.","I enjoy collaborative work, continuous learning, and solving practical problems. I value professionalism, curiosity, and teamwork. Outside work I enjoy fitness, reading, music."
U044,Priya Sharma,26,Female,Hyderabad,Data Analyst,Analytics,3,MCA,Hybrid,"SQL, Python, Excel, Power BI",Business Intelligence Lead,INTJ,"Music, Travel, Reading","English, Marathi","Data Analyst with 3 years of experience in the Analytics industry. Skilled in SQL, Python, Excel, Power BI. Passionate about delivering impactful solutions and aiming to become a Business Intelligence Lead.","I enjoy collaborative work, continuous learning, and solving practical problems. I value professionalism, curiosity, and teamwork. Outside work I enjoy music, travel, reading."
U045,Aditya Singh,37,Male,Kochi,UI/UX Designer,Design,12,M.Tech,Remote,"Adobe XD, Figma, Prototyping, Wireframing",Design Lead,ISFP,"Mentoring, Fitness, Open Source","English, Tamil","UI/UX Designer with 12 years of experience in the Design industry. Skilled in Adobe XD, Figma, Prototyping, Wireframing. Passionate about delivering impactful solutions and aiming to become a Design Lead.","I enjoy collaborative work, continuous learning, and solving practical problems. I value professionalism, curiosity, and teamwork. Outside work I enjoy mentoring, fitness, open source."
U046,Priya Joshi,29,Female,Delhi,Cybersecurity Analyst,Security,8,M.Tech,On-site,"Python, Linux, SIEM, Networking",SOC Manager,ISTJ,"Photography, Chess, Music","English, Hindi","Cybersecurity Analyst with 8 years of experience in the Security industry. Skilled in Python, Linux, SIEM, Networking. Passionate about delivering impactful solutions and aiming to become a SOC Manager.","I enjoy collaborative work, continuous learning, and solving practical problems. I value professionalism, curiosity, and teamwork. Outside work I enjoy photography, chess, music."
U047,Sai Kulkarni,27,Male,Bengaluru,DevOps Engineer,Cloud,3,BCA,On-site,"Linux, Docker, AWS, Kubernetes",DevOps Lead,ENTJ,"Fitness, Music, Photography","English, Hindi","DevOps Engineer with 3 years of experience in the Cloud industry. Skilled in Linux, Docker, AWS, Kubernetes. Passionate about delivering impactful solutions and aiming to become a DevOps Lead.","I enjoy collaborative work, continuous learning, and solving practical problems. I value professionalism, curiosity, and teamwork. Outside work I enjoy fitness, music, photography."
U048,Neha Iyer,29,Female,Pune,Business Analyst,Finance,6,M.Tech,Remote,"Excel, Power BI, SQL, Communication",Product Manager,ENTJ,"Reading, Travel, Chess","English, Tamil","Business Analyst with 6 years of experience in the Finance industry. Skilled in Excel, Power BI, SQL, Communication. Passionate about delivering impactful solutions and aiming to become a Product Manager.","I enjoy collaborative work, continuous learning, and solving practical problems. I value professionalism, curiosity, and teamwork. Outside work I enjoy reading, travel, chess."
U049,Sneha Joshi,31,Female,Kolkata,HR Manager,HR,9,BCA,On-site,"Leadership, Recruitment, HRMS, Communication",Talent Head,ESFJ,"Fitness, Reading, Mentoring","English, Kannada","HR Manager with 9 years of experience in the HR industry. Skilled in Leadership, Recruitment, HRMS, Communication. Passionate about delivering impactful solutions and aiming to become a Talent Head.","I enjoy collaborative work, continuous learning, and solving practical problems. I value professionalism, curiosity, and teamwork. Outside work I enjoy fitness, reading, mentoring."
U050,Neha Sharma,22,Female,Hyderabad,Digital Marketing Specialist,Marketing,1,B.Tech,Hybrid,"Analytics, SEO, Google Ads, Content",Brand Strategist,ESFP,"Music, Photography, Chess","English, Marathi","Digital Marketing Specialist with 1 years of experience in the Marketing industry. Skilled in Analytics, SEO, Google Ads, Content. Passionate about delivering impactful solutions and aiming to become a Brand Strategist.","I enjoy collaborative work, continuous learning, and solving practical problems. I value professionalism, curiosity, and teamwork. Outside work I enjoy music, photography, chess."
U051,Sneha Singh,25,Female,Delhi,Data Scientist,AI,1,BCA,Hybrid,"Python, SQL, TensorFlow, Pandas",Lead Data Science Team,ISTJ,"Travel, Mentoring, Photography","English, Tamil","Data Scientist with 1 years of experience in the AI industry. Skilled in Python, SQL, TensorFlow, Pandas. Passionate about delivering impactful solutions and aiming to become a Lead Data Science Team.","I enjoy collaborative work, continuous learning, and solving practical problems. I value professionalism, curiosity, and teamwork. Outside work I enjoy travel, mentoring, photography."
U052,Rohan Sharma,22,Male,Chennai,ML Engineer,AI,1,M.Tech,Hybrid,"Docker, Python, TensorFlow, PyTorch",AI Architect,INTP,"Open Source, Music, Photography","English, Hindi","ML Engineer with 1 years of experience in the AI industry. Skilled in Docker, Python, TensorFlow, PyTorch. Passionate about delivering impactful solutions and aiming to become a AI Architect.","I enjoy collaborative work, continuous learning, and solving practical problems. I value professionalism, curiosity, and teamwork. Outside work I enjoy open source, music, photography."
U053,Priya Nair,22,Female,Jaipur,Software Engineer,IT,0,M.Tech,Hybrid,"Python, Java, APIs, Git",Senior Software Engineer,INTP,"Fitness, Open Source, Music","English, Marathi","Software Engineer with 0 years of experience in the IT industry. Skilled in Python, Java, APIs, Git. Passionate about delivering impactful solutions and aiming to become a Senior Software Engineer.","I enjoy collaborative work, continuous learning, and solving practical problems. I value professionalism, curiosity, and teamwork. Outside work I enjoy fitness, open source, music."
U054,Rahul Verma,35,Male,Hyderabad,Data Analyst,Analytics,13,BCA,On-site,"Excel, SQL, Python, Power BI",Analytics Manager,ISFJ,"Fitness, Mentoring, Reading","English, Marathi","Data Analyst with 13 years of experience in the Analytics industry. Skilled in Excel, SQL, Python, Power BI. Passionate about delivering impactful solutions and aiming to become a Analytics Manager.","I enjoy collaborative work, continuous learning, and solving practical problems. I value professionalism, curiosity, and teamwork. Outside work I enjoy fitness, mentoring, reading."
U055,Vivaan Iyer,31,Male,Hyderabad,UI/UX Designer,Design,10,BCA,Remote,"Wireframing, Adobe XD, Prototyping, Figma",UX Strategist,ENFP,"Photography, Fitness, Open Source","English, Kannada","UI/UX Designer with 10 years of experience in the Design industry. Skilled in Wireframing, Adobe XD, Prototyping, Figma. Passionate about delivering impactful solutions and aiming to become a UX Strategist.","I enjoy collaborative work, continuous learning, and solving practical problems. I value professionalism, curiosity, and teamwork. Outside work I enjoy photography, fitness, open source."
U056,Aarav Rao,35,Male,Kolkata,Cybersecurity Analyst,Security,10,B.Tech,Hybrid,"Linux, SIEM, Python, Networking",Security Architect,INTJ,"Travel, Fitness, Photography","English, Hindi","Cybersecurity Analyst with 10 years of experience in the Security industry. Skilled in Linux, SIEM, Python, Networking. Passionate about delivering impactful solutions and aiming to become a Security Architect.","I enjoy collaborative work, continuous learning, and solving practical problems. I value professionalism, curiosity, and teamwork. Outside work I enjoy travel, fitness, photography."
U057,Arjun Patel,26,Male,Delhi,DevOps Engineer,Cloud,4,MCA,On-site,"AWS, Docker, Kubernetes, Linux",DevOps Lead,ENTJ,"Reading, Fitness, Open Source","English, Kannada","DevOps Engineer with 4 years of experience in the Cloud industry. Skilled in AWS, Docker, Kubernetes, Linux. Passionate about delivering impactful solutions and aiming to become a DevOps Lead.","I enjoy collaborative work, continuous learning, and solving practical problems. I value professionalism, curiosity, and teamwork. Outside work I enjoy reading, fitness, open source."
U058,Ishita Singh,31,Female,Mumbai,Business Analyst,Finance,7,B.Tech,Hybrid,"Power BI, SQL, Communication, Excel",Product Manager,ENTJ,"Music, Chess, Photography","English, Kannada","Business Analyst with 7 years of experience in the Finance industry. Skilled in Power BI, SQL, Communication, Excel. Passionate about delivering impactful solutions and aiming to become a Product Manager.","I enjoy collaborative work, continuous learning, and solving practical problems. I value professionalism, curiosity, and teamwork. Outside work I enjoy music, chess, photography."
U059,Meera Mehta,29,Female,Hyderabad,HR Manager,HR,8,MCA,On-site,"Recruitment, HRMS, Communication, Leadership",HR Director,ENFJ,"Chess, Travel, Photography","English, Marathi","HR Manager with 8 years of experience in the HR industry. Skilled in Recruitment, HRMS, Communication, Leadership. Passionate about delivering impactful solutions and aiming to become a HR Director.","I enjoy collaborative work, continuous learning, and solving practical problems. I value professionalism, curiosity, and teamwork. Outside work I enjoy chess, travel, photography."
U060,Neha Yadav,36,Female,Delhi,Digital Marketing Specialist,Marketing,13,MCA,On-site,"SEO, Google Ads, Analytics, Content",Marketing Manager,ENFJ,"Fitness, Photography, Chess","English, Kannada","Digital Marketing Specialist with 13 years of experience in the Marketing industry. Skilled in SEO, Google Ads, Analytics, Content. Passionate about delivering impactful solutions and aiming to become a Marketing Manager.","I enjoy collaborative work, continuous learning, and solving practical problems. I value professionalism, curiosity, and teamwork. Outside work I enjoy fitness, photography, chess."
U061,Vihaan Verma,34,Male,Chennai,Data Scientist,AI,12,B.Tech,On-site,"Pandas, Python, SQL, TensorFlow",Lead Data Science Team,ISTJ,"Reading, Fitness, Music","English, Telugu","Data Scientist with 12 years of experience in the AI industry. Skilled in Pandas, Python, SQL, TensorFlow. Passionate about delivering impactful solutions and aiming to become a Lead Data Science Team.","I enjoy collaborative work, continuous learning, and solving practical problems. I value professionalism, curiosity, and teamwork. Outside work I enjoy reading, fitness, music."
U062,Rahul Das,31,Male,Pune,ML Engineer,AI,7,BCA,Hybrid,"PyTorch, TensorFlow, Python, Docker",AI Architect,INTP,"Reading, Fitness, Chess","English, Kannada","ML Engineer with 7 years of experience in the AI industry. Skilled in PyTorch, TensorFlow, Python, Docker. Passionate about delivering impactful solutions and aiming to become a AI Architect.","I enjoy collaborative work, continuous learning, and solving practical problems. I value professionalism, curiosity, and teamwork. Outside work I enjoy reading, fitness, chess."
U063,Sai Rao,24,Male,Pune,Software Engineer,IT,2,BCA,On-site,"Git, Java, Python, APIs",Tech Lead,ISTJ,"Music, Mentoring, Reading","English, Telugu","Software Engineer with 2 years of experience in the IT industry. Skilled in Git, Java, Python, APIs. Passionate about delivering impactful solutions and aiming to become a Tech Lead.","I enjoy collaborative work, continuous learning, and solving practical problems. I value professionalism, curiosity, and teamwork. Outside work I enjoy music, mentoring, reading."
U064,Aisha Khan,24,Female,Kolkata,Data Analyst,Analytics,1,B.Tech,Hybrid,"SQL, Excel, Python, Power BI",Business Intelligence Lead,INTJ,"Music, Open Source, Mentoring","English, Marathi","Data Analyst with 1 years of experience in the Analytics industry. Skilled in SQL, Excel, Python, Power BI. Passionate about delivering impactful solutions and aiming to become a Business Intelligence Lead.","I enjoy collaborative work, continuous learning, and solving practical problems. I value professionalism, curiosity, and teamwork. Outside work I enjoy music, open source, mentoring."
U065,Vihaan Iyer,34,Male,Bengaluru,UI/UX Designer,Design,11,BCA,On-site,"Adobe XD, Wireframing, Figma, Prototyping",UX Strategist,ISFP,"Mentoring, Reading, Travel","English, Hindi","UI/UX Designer with 11 years of experience in the Design industry. Skilled in Adobe XD, Wireframing, Figma, Prototyping. Passionate about delivering impactful solutions and aiming to become a UX Strategist.","I enjoy collaborative work, continuous learning, and solving practical problems. I value professionalism, curiosity, and teamwork. Outside work I enjoy mentoring, reading, travel."
U066,Rahul Patel,23,Male,Jaipur,Cybersecurity Analyst,Security,1,MCA,On-site,"Linux, Networking, Python, SIEM",SOC Manager,ISTP,"Travel, Mentoring, Photography","English, Tamil","Cybersecurity Analyst with 1 years of experience in the Security industry. Skilled in Linux, Networking, Python, SIEM. Passionate about delivering impactful solutions and aiming to become a SOC Manager.","I enjoy collaborative work, continuous learning, and solving practical problems. I value professionalism, curiosity, and teamwork. Outside work I enjoy travel, mentoring, photography."
U067,Vivaan Rao,35,Male,Ahmedabad,DevOps Engineer,Cloud,12,B.Tech,Hybrid,"Kubernetes, AWS, Docker, Linux",Cloud Architect,ENTJ,"Fitness, Travel, Reading","English, Telugu","DevOps Engineer with 12 years of experience in the Cloud industry. Skilled in Kubernetes, AWS, Docker, Linux. Passionate about delivering impactful solutions and aiming to become a Cloud Architect.","I enjoy collaborative work, continuous learning, and solving practical problems. I value professionalism, curiosity, and teamwork. Outside work I enjoy fitness, travel, reading."
U068,Sai Sharma,24,Male,Chennai,Business Analyst,Finance,1,M.Tech,Hybrid,"Excel, SQL, Power BI, Communication",Product Manager,ENFJ,"Chess, Mentoring, Fitness","English, Hindi","Business Analyst with 1 years of experience in the Finance industry. Skilled in Excel, SQL, Power BI, Communication. Passionate about delivering impactful solutions and aiming to become a Product Manager.","I enjoy collaborative work, continuous learning, and solving practical problems. I value professionalism, curiosity, and teamwork. Outside work I enjoy chess, mentoring, fitness."
U069,Arjun Kulkarni,30,Male,Hyderabad,HR Manager,HR,6,BCA,Remote,"Communication, Recruitment, Leadership, HRMS",HR Director,ENFJ,"Chess, Open Source, Reading","English, Kannada","HR Manager with 6 years of experience in the HR industry. Skilled in Communication, Recruitment, Leadership, HRMS. Passionate about delivering impactful solutions and aiming to become a HR Director.","I enjoy collaborative work, continuous learning, and solving practical problems. I value professionalism, curiosity, and teamwork. Outside work I enjoy chess, open source, reading."
U070,Vihaan Rao,35,Male,Ahmedabad,Digital Marketing Specialist,Marketing,14,BCA,Hybrid,"Content, Analytics, SEO, Google Ads",Marketing Manager,ESFP,"Reading, Open Source, Photography","English, Telugu","Digital Marketing Specialist with 14 years of experience in the Marketing industry. Skilled in Content, Analytics, SEO, Google Ads. Passionate about delivering impactful solutions and aiming to become a Marketing Manager.","I enjoy collaborative work, continuous learning, and solving practical problems. I value professionalism, curiosity, and teamwork. Outside work I enjoy reading, open source, photography."
U071,Priya Rao,35,Female,Mumbai,Data Scientist,AI,10,BCA,Hybrid,"SQL, Python, Pandas, TensorFlow",Lead Data Science Team,INTJ,"Fitness, Photography, Open Source","English, Tamil","Data Scientist with 10 years of experience in the AI industry. Skilled in SQL, Python, Pandas, TensorFlow. Passionate about delivering impactful solutions and aiming to become a Lead Data Science Team.","I enjoy collaborative work, continuous learning, and solving practical problems. I value professionalism, curiosity, and teamwork. Outside work I enjoy fitness, photography, open source."
U072,Sneha Khan,35,Female,Jaipur,ML Engineer,AI,10,BCA,Hybrid,"Docker, PyTorch, Python, TensorFlow",Build Scalable AI Systems,INTP,"Mentoring, Photography, Music","English, Hindi","ML Engineer with 10 years of experience in the AI industry. Skilled in Docker, PyTorch, Python, TensorFlow. Passionate about delivering impactful solutions and aiming to become a Build Scalable AI Systems.","I enjoy collaborative work, continuous learning, and solving practical problems. I value professionalism, curiosity, and teamwork. Outside work I enjoy mentoring, photography, music."
U073,Rahul Iyer,32,Male,Hyderabad,Software Engineer,IT,10,MCA,Remote,"Java, APIs, Git, Python",Tech Lead,ENTP,"Music, Mentoring, Travel","English, Tamil","Software Engineer with 10 years of experience in the IT industry. Skilled in Java, APIs, Git, Python. Passionate about delivering impactful solutions and aiming to become a Tech Lead.","I enjoy collaborative work, continuous learning, and solving practical problems. I value professionalism, curiosity, and teamwork. Outside work I enjoy music, mentoring, travel."
U074,Rohan Kulkarni,23,Male,Mumbai,Data Analyst,Analytics,2,BCA,Hybrid,"Python, Power BI, SQL, Excel",Business Intelligence Lead,ISFJ,"Travel, Fitness, Mentoring","English, Kannada","Data Analyst with 2 years of experience in the Analytics industry. Skilled in Python, Power BI, SQL, Excel. Passionate about delivering impactful solutions and aiming to become a Business Intelligence Lead.","I enjoy collaborative work, continuous learning, and solving practical problems. I value professionalism, curiosity, and teamwork. Outside work I enjoy travel, fitness, mentoring."
U075,Sai Khan,26,Male,Jaipur,UI/UX Designer,Design,4,B.Tech,On-site,"Wireframing, Prototyping, Figma, Adobe XD",Design Lead,ENFP,"Fitness, Reading, Travel","English, Marathi","UI/UX Designer with 4 years of experience in the Design industry. Skilled in Wireframing, Prototyping, Figma, Adobe XD. Passionate about delivering impactful solutions and aiming to become a Design Lead.","I enjoy collaborative work, continuous learning, and solving practical problems. I value professionalism, curiosity, and teamwork. Outside work I enjoy fitness, reading, travel."
U076,Arjun Sharma,31,Male,Hyderabad,Cybersecurity Analyst,Security,8,M.Tech,Hybrid,"SIEM, Linux, Python, Networking",SOC Manager,ISTJ,"Mentoring, Photography, Chess","English, Kannada","Cybersecurity Analyst with 8 years of experience in the Security industry. Skilled in SIEM, Linux, Python, Networking. Passionate about delivering impactful solutions and aiming to become a SOC Manager.","I enjoy collaborative work, continuous learning, and solving practical problems. I value professionalism, curiosity, and teamwork. Outside work I enjoy mentoring, photography, chess."
U077,Aisha Das,33,Female,Kochi,DevOps Engineer,Cloud,10,BCA,Hybrid,"Docker, AWS, Kubernetes, Linux",Cloud Architect,ISTJ,"Mentoring, Photography, Fitness","English, Telugu","DevOps Engineer with 10 years of experience in the Cloud industry. Skilled in Docker, AWS, Kubernetes, Linux. Passionate about delivering impactful solutions and aiming to become a Cloud Architect.","I enjoy collaborative work, continuous learning, and solving practical problems. I value professionalism, curiosity, and teamwork. Outside work I enjoy mentoring, photography, fitness."
U078,Rohan Das,35,Male,Chennai,Business Analyst,Finance,12,B.Tech,Remote,"Power BI, Communication, Excel, SQL",Product Manager,ENTJ,"Mentoring, Fitness, Reading","English, Hindi","Business Analyst with 12 years of experience in the Finance industry. Skilled in Power BI, Communication, Excel, SQL. Passionate about delivering impactful solutions and aiming to become a Product Manager.","I enjoy collaborative work, continuous learning, and solving practical problems. I value professionalism, curiosity, and teamwork. Outside work I enjoy mentoring, fitness, reading."
U079,Sai Das,28,Male,Delhi,HR Manager,HR,5,M.Tech,Remote,"Recruitment, Leadership, Communication, HRMS",Talent Head,ESFJ,"Mentoring, Fitness, Music","English, Kannada","HR Manager with 5 years of experience in the HR industry. Skilled in Recruitment, Leadership, Communication, HRMS. Passionate about delivering impactful solutions and aiming to become a Talent Head.","I enjoy collaborative work, continuous learning, and solving practical problems. I value professionalism, curiosity, and teamwork. Outside work I enjoy mentoring, fitness, music."
U080,Akash Patel,38,Male,Bengaluru,Digital Marketing Specialist,Marketing,17,MCA,On-site,"Content, SEO, Google Ads, Analytics",Marketing Manager,ESFP,"Mentoring, Chess, Reading","English, Telugu","Digital Marketing Specialist with 17 years of experience in the Marketing industry. Skilled in Content, SEO, Google Ads, Analytics. Passionate about delivering impactful solutions and aiming to become a Marketing Manager.","I enjoy collaborative work, continuous learning, and solving practical problems. I value professionalism, curiosity, and teamwork. Outside work I enjoy mentoring, chess, reading."
U081,Sneha Das,22,Female,Ahmedabad,Data Scientist,AI,1,MCA,On-site,"Python, SQL, TensorFlow, Pandas",Lead Data Science Team,ISTJ,"Mentoring, Fitness, Reading","English, Telugu","Data Scientist with 1 years of experience in the AI industry. Skilled in Python, SQL, TensorFlow, Pandas. Passionate about delivering impactful solutions and aiming to become a Lead Data Science Team.","I enjoy collaborative work, continuous learning, and solving practical problems. I value professionalism, curiosity, and teamwork. Outside work I enjoy mentoring, fitness, reading."
U082,Sneha Gupta,31,Female,Mumbai,ML Engineer,AI,8,M.Tech,Remote,"PyTorch, Docker, TensorFlow, Python",Build Scalable AI Systems,INTP,"Chess, Open Source, Travel","English, Kannada","ML Engineer with 8 years of experience in the AI industry. Skilled in PyTorch, Docker, TensorFlow, Python. Passionate about delivering impactful solutions and aiming to become a Build Scalable AI Systems.","I enjoy collaborative work, continuous learning, and solving practical problems. I value professionalism, curiosity, and teamwork. Outside work I enjoy chess, open source, travel."
U083,Ananya Das,26,Female,Ahmedabad,Software Engineer,IT,1,MCA,Remote,"Git, APIs, Python, Java",Tech Lead,ENTP,"Open Source, Photography, Music","English, Marathi","Software Engineer with 1 years of experience in the IT industry. Skilled in Git, APIs, Python, Java. Passionate about delivering impactful solutions and aiming to become a Tech Lead.","I enjoy collaborative work, continuous learning, and solving practical problems. I value professionalism, curiosity, and teamwork. Outside work I enjoy open source, photography, music."
U084,Rohan Gupta,30,Male,Delhi,Data Analyst,Analytics,9,B.Tech,On-site,"SQL, Python, Excel, Power BI",Business Intelligence Lead,ISFJ,"Travel, Fitness, Mentoring","English, Tamil","Data Analyst with 9 years of experience in the Analytics industry. Skilled in SQL, Python, Excel, Power BI. Passionate about delivering impactful solutions and aiming to become a Business Intelligence Lead.","I enjoy collaborative work, continuous learning, and solving practical problems. I value professionalism, curiosity, and teamwork. Outside work I enjoy travel, fitness, mentoring."
U085,Neha Kulkarni,34,Female,Bengaluru,UI/UX Designer,Design,12,B.Tech,Hybrid,"Wireframing, Prototyping, Adobe XD, Figma",Design Lead,ENFP,"Travel, Mentoring, Chess","English, Hindi","UI/UX Designer with 12 years of experience in the Design industry. Skilled in Wireframing, Prototyping, Adobe XD, Figma. Passionate about delivering impactful solutions and aiming to become a Design Lead.","I enjoy collaborative work, continuous learning, and solving practical problems. I value professionalism, curiosity, and teamwork. Outside work I enjoy travel, mentoring, chess."
U086,Meera Verma,38,Female,Ahmedabad,Cybersecurity Analyst,Security,14,MCA,Hybrid,"Python, Networking, Linux, SIEM",Security Architect,ISTJ,"Reading, Mentoring, Music","English, Marathi","Cybersecurity Analyst with 14 years of experience in the Security industry. Skilled in Python, Networking, Linux, SIEM. Passionate about delivering impactful solutions and aiming to become a Security Architect.","I enjoy collaborative work, continuous learning, and solving practical problems. I value professionalism, curiosity, and teamwork. Outside work I enjoy reading, mentoring, music."
U087,Sneha Kulkarni,24,Female,Delhi,DevOps Engineer,Cloud,2,BCA,On-site,"Kubernetes, AWS, Linux, Docker",Cloud Architect,ENTJ,"Mentoring, Travel, Fitness","English, Hindi","DevOps Engineer with 2 years of experience in the Cloud industry. Skilled in Kubernetes, AWS, Linux, Docker. Passionate about delivering impactful solutions and aiming to become a Cloud Architect.","I enjoy collaborative work, continuous learning, and solving practical problems. I value professionalism, curiosity, and teamwork. Outside work I enjoy mentoring, travel, fitness."
U088,Priya Iyer,31,Female,Hyderabad,Business Analyst,Finance,10,BCA,Hybrid,"Communication, Power BI, Excel, SQL",Product Manager,ESFJ,"Chess, Travel, Open Source","English, Telugu","Business Analyst with 10 years of experience in the Finance industry. Skilled in Communication, Power BI, Excel, SQL. Passionate about delivering impactful solutions and aiming to become a Product Manager.","I enjoy collaborative work, continuous learning, and solving practical problems. I value professionalism, curiosity, and teamwork. Outside work I enjoy chess, travel, open source."
U089,Arjun Reddy,28,Male,Mumbai,HR Manager,HR,4,M.Tech,Remote,"HRMS, Leadership, Recruitment, Communication",HR Director,ISFJ,"Chess, Mentoring, Music","English, Tamil","HR Manager with 4 years of experience in the HR industry. Skilled in HRMS, Leadership, Recruitment, Communication. Passionate about delivering impactful solutions and aiming to become a HR Director.","I enjoy collaborative work, continuous learning, and solving practical problems. I value professionalism, curiosity, and teamwork. Outside work I enjoy chess, mentoring, music."
U090,Vivaan Singh,27,Male,Pune,Digital Marketing Specialist,Marketing,5,MCA,Remote,"Content, SEO, Analytics, Google Ads",Brand Strategist,ESFP,"Music, Open Source, Fitness","English, Telugu","Digital Marketing Specialist with 5 years of experience in the Marketing industry. Skilled in Content, SEO, Analytics, Google Ads. Passionate about delivering impactful solutions and aiming to become a Brand Strategist.","I enjoy collaborative work, continuous learning, and solving practical problems. I value professionalism, curiosity, and teamwork. Outside work I enjoy music, open source, fitness."
U091,Nikhil Kulkarni,36,Male,Hyderabad,Data Scientist,AI,13,B.Tech,On-site,"Pandas, Python, SQL, TensorFlow",AI Research Scientist,INTJ,"Travel, Chess, Reading","English, Kannada","Data Scientist with 13 years of experience in the AI industry. Skilled in Pandas, Python, SQL, TensorFlow. Passionate about delivering impactful solutions and aiming to become a AI Research Scientist.","I enjoy collaborative work, continuous learning, and solving practical problems. I value professionalism, curiosity, and teamwork. Outside work I enjoy travel, chess, reading."
U092,Ananya Reddy,30,Female,Mumbai,ML Engineer,AI,8,MCA,On-site,"TensorFlow, Python, PyTorch, Docker",AI Architect,INTJ,"Music, Travel, Photography","English, Hindi","ML Engineer with 8 years of experience in the AI industry. Skilled in TensorFlow, Python, PyTorch, Docker. Passionate about delivering impactful solutions and aiming to become a AI Architect.","I enjoy collaborative work, continuous learning, and solving practical problems. I value professionalism, curiosity, and teamwork. Outside work I enjoy music, travel, photography."
U093,Diya Gupta,33,Female,Chennai,Software Engineer,IT,9,MCA,Hybrid,"Java, Python, Git, APIs",Senior Software Engineer,ISTJ,"Reading, Open Source, Mentoring","English, Marathi","Software Engineer with 9 years of experience in the IT industry. Skilled in Java, Python, Git, APIs. Passionate about delivering impactful solutions and aiming to become a Senior Software Engineer.","I enjoy collaborative work, continuous learning, and solving practical problems. I value professionalism, curiosity, and teamwork. Outside work I enjoy reading, open source, mentoring."
U094,Ishita Rao,28,Female,Kolkata,Data Analyst,Analytics,4,M.Tech,Hybrid,"Excel, Python, SQL, Power BI",Business Intelligence Lead,ISTJ,"Open Source, Reading, Mentoring","English, Telugu","Data Analyst with 4 years of experience in the Analytics industry. Skilled in Excel, Python, SQL, Power BI. Passionate about delivering impactful solutions and aiming to become a Business Intelligence Lead.","I enjoy collaborative work, continuous learning, and solving practical problems. I value professionalism, curiosity, and teamwork. Outside work I enjoy open source, reading, mentoring."
U095,Arjun Nair,22,Male,Kochi,UI/UX Designer,Design,0,B.Tech,On-site,"Prototyping, Figma, Wireframing, Adobe XD",Design Lead,ENFP,"Reading, Photography, Mentoring","English, Hindi","UI/UX Designer with 0 years of experience in the Design industry. Skilled in Prototyping, Figma, Wireframing, Adobe XD. Passionate about delivering impactful solutions and aiming to become a Design Lead.","I enjoy collaborative work, continuous learning, and solving practical problems. I value professionalism, curiosity, and teamwork. Outside work I enjoy reading, photography, mentoring."
U096,Arjun Rao,34,Male,Mumbai,Cybersecurity Analyst,Security,11,B.Tech,Hybrid,"SIEM, Python, Networking, Linux",Security Architect,INTJ,"Music, Mentoring, Open Source","English, Kannada","Cybersecurity Analyst with 11 years of experience in the Security industry. Skilled in SIEM, Python, Networking, Linux. Passionate about delivering impactful solutions and aiming to become a Security Architect.","I enjoy collaborative work, continuous learning, and solving practical problems. I value professionalism, curiosity, and teamwork. Outside work I enjoy music, mentoring, open source."
U097,Arjun Das,36,Male,Ahmedabad,DevOps Engineer,Cloud,14,BCA,Hybrid,"Docker, AWS, Kubernetes, Linux",DevOps Lead,ISTJ,"Mentoring, Open Source, Fitness","English, Telugu","DevOps Engineer with 14 years of experience in the Cloud industry. Skilled in Docker, AWS, Kubernetes, Linux. Passionate about delivering impactful solutions and aiming to become a DevOps Lead.","I enjoy collaborative work, continuous learning, and solving practical problems. I value professionalism, curiosity, and teamwork. Outside work I enjoy mentoring, open source, fitness."
U098,Rohan Nair,30,Male,Bengaluru,Business Analyst,Finance,5,MCA,On-site,"Power BI, SQL, Excel, Communication",Strategy Consultant,ESFJ,"Open Source, Photography, Chess","English, Kannada","Business Analyst with 5 years of experience in the Finance industry. Skilled in Power BI, SQL, Excel, Communication. Passionate about delivering impactful solutions and aiming to become a Strategy Consultant.","I enjoy collaborative work, continuous learning, and solving practical problems. I value professionalism, curiosity, and teamwork. Outside work I enjoy open source, photography, chess."
U099,Sneha Yadav,37,Female,Delhi,HR Manager,HR,15,BCA,Remote,"Recruitment, Communication, Leadership, HRMS",Talent Head,ENFJ,"Travel, Chess, Music","English, Marathi","HR Manager with 15 years of experience in the HR industry. Skilled in Recruitment, Communication, Leadership, HRMS. Passionate about delivering impactful solutions and aiming to become a Talent Head.","I enjoy collaborative work, continuous learning, and solving practical problems. I value professionalism, curiosity, and teamwork. Outside work I enjoy travel, chess, music."
U100,Nikhil Rao,31,Male,Ahmedabad,Digital Marketing Specialist,Marketing,9,BCA,On-site,"SEO, Analytics, Google Ads, Content",Brand Strategist,ESFP,"Reading, Open Source, Music","English, Telugu","Digital Marketing Specialist with 9 years of experience in the Marketing industry. Skilled in SEO, Analytics, Google Ads, Content. Passionate about delivering impactful solutions and aiming to become a Brand Strategist.","I enjoy collaborative work, continuous learning, and solving practical problems. I value professionalism, curiosity, and teamwork. Outside work I enjoy reading, open source, music."
